diagnosis_key,disease_area,disease_name,diag3_raw,diag3_code,diag3_description,diag4_raw,diag4_code,diag4_description
1,CARDIOVASCULAR,ABNORMALITIES OF HEART BEAT,R00 (ABN HEART BEAT),R00,ABN HEART BEAT,R000 (TACHYCARDIA UNSPECIFIED),R000,TACHYCARDIA UNSPECIFIED
2,CARDIOVASCULAR,ABNORMALITIES OF HEART BEAT,R00 (ABN HEART BEAT),R00,ABN HEART BEAT,R001 (BRADYCARDIA UNSPECIFIED),R001,BRADYCARDIA UNSPECIFIED
3,CARDIOVASCULAR,ABNORMALITIES OF HEART BEAT,R00 (ABN HEART BEAT),R00,ABN HEART BEAT,R002 (PALPITATIONS),R002,PALPITATIONS
4,CARDIOVASCULAR,ABNORMALITIES OF HEART BEAT,R00 (ABN HEART BEAT),R00,ABN HEART BEAT,R008 (OTH/UNSP ABN HEART BEAT),R008,OTH/UNSP ABN HEART BEAT
5,CARDIOVASCULAR,ANGINA,I20 (ANGINA PECTORIS),I20,ANGINA PECTORIS,I200 (UNSTABLE ANGINA),I200,UNSTABLE ANGINA
6,CARDIOVASCULAR,ANGINA,I20 (ANGINA PECTORIS),I20,ANGINA PECTORIS,I201 (ANGINA PECT+DOCUM SPASM),I201,ANGINA PECT+DOCUM SPASM
7,CARDIOVASCULAR,ANGINA,I20 (ANGINA PECTORIS),I20,ANGINA PECTORIS,I208 (OTH FORMS ANGINA PECTOR),I208,OTH FORMS ANGINA PECTOR
8,CARDIOVASCULAR,ANGINA,I20 (ANGINA PECTORIS),I20,ANGINA PECTORIS,I209 (ANGINA PECTORIS UNSP),I209,ANGINA PECTORIS UNSP
9,CARDIOVASCULAR,AORTIC ANEURYSM AND DISSECTION,I71 (AORT ANEURYSM/DISSECTION),I71,AORT ANEURYSM/DISSECTION,I710 (DISSECT AORTA (ANY PART)),I710,DISSECT AORTA (ANY PART)
10,CARDIOVASCULAR,AORTIC ANEURYSM AND DISSECTION,I71 (AORT ANEURYSM/DISSECTION),I71,AORT ANEURYSM/DISSECTION,I712 (THOR AORT ANEUR NO RUPT),I712,THOR AORT ANEUR NO RUPT
11,CARDIOVASCULAR,AORTIC ANEURYSM AND DISSECTION,I71 (AORT ANEURYSM/DISSECTION),I71,AORT ANEURYSM/DISSECTION,I714 (ABD AORT ANEUR NO RUPT),I714,ABD AORT ANEUR NO RUPT
12,CARDIOVASCULAR,AORTIC ANEURYSM AND DISSECTION,I71 (AORT ANEURYSM/DISSECTION),I71,AORT ANEURYSM/DISSECTION,I719 (AORT ANEUR UNS ST N/RUPT),I719,AORT ANEUR UNS ST N/RUPT
13,CARDIOVASCULAR,ATRIAL FIBRILLATION,I48 (ATRIAL FIBRILLAT/FLUTTER),I48,ATRIAL FIBRILLAT/FLUTTER,I480 (PAROXYS ATRIAL FIBRILLAT),I480,PAROXYS ATRIAL FIBRILLAT
14,CARDIOVASCULAR,ATRIAL FIBRILLATION,I48 (ATRIAL FIBRILLAT/FLUTTER),I48,ATRIAL FIBRILLAT/FLUTTER,I481 (PERSIST ATRIAL FIBRILLAT),I481,PERSIST ATRIAL FIBRILLAT
15,CARDIOVASCULAR,ATRIAL FIBRILLATION,I48 (ATRIAL FIBRILLAT/FLUTTER),I48,ATRIAL FIBRILLAT/FLUTTER,I482 (CHRONIC ATRIAL FIBRILLAT),I482,CHRONIC ATRIAL FIBRILLAT
16,CARDIOVASCULAR,ATRIAL FIBRILLATION,I48 (ATRIAL FIBRILLAT/FLUTTER),I48,ATRIAL FIBRILLAT/FLUTTER,I483 (TYPICAL ATRIAL FIBRILLAT),I483,TYPICAL ATRIAL FIBRILLAT
17,CARDIOVASCULAR,ATRIAL FIBRILLATION,I48 (ATRIAL FIBRILLAT/FLUTTER),I48,ATRIAL FIBRILLAT/FLUTTER,I484 (ATYPICAL ATRIAL FIBRILLA),I484,ATYPICAL ATRIAL FIBRILLA
18,CARDIOVASCULAR,ATRIAL FIBRILLATION,I48 (ATRIAL FIBRILLAT/FLUTTER),I48,ATRIAL FIBRILLAT/FLUTTER,I489 (ATRIAL FIBRIL/FLUTTER UN),I489,ATRIAL FIBRIL/FLUTTER UN
19,CARDIOVASCULAR,CARDIOMYOPATHY,I40 (ACUTE MYOCARDITIS),I40,ACUTE MYOCARDITIS,I409 (ACUTE MYOCARDITIS UNSP),I409,ACUTE MYOCARDITIS UNSP
20,CARDIOVASCULAR,CARDIOMYOPATHY,I42 (CARDIOMYOPATHY),I42,CARDIOMYOPATHY,I420 (DILATED CARDIOMYOPATHY),I420,DILATED CARDIOMYOPATHY
21,CARDIOVASCULAR,CARDIOMYOPATHY,I42 (CARDIOMYOPATHY),I42,CARDIOMYOPATHY,I421 (OBST HYPERTROPH CARDIOMY),I421,OBST HYPERTROPH CARDIOMY
22,CARDIOVASCULAR,CARDIOMYOPATHY,I42 (CARDIOMYOPATHY),I42,CARDIOMYOPATHY,I422 (O/HYPERTROPH CARDIOMYOP),I422,O/HYPERTROPH CARDIOMYOP
23,CARDIOVASCULAR,CARDIOMYOPATHY,I42 (CARDIOMYOPATHY),I42,CARDIOMYOPATHY,I425 (OTH RESTR CARDIOMYOPATHY),I425,OTH RESTR CARDIOMYOPATHY
24,CARDIOVASCULAR,CARDIOMYOPATHY,I42 (CARDIOMYOPATHY),I42,CARDIOMYOPATHY,I426 (ALCOHOLIC CARDIOMYOPATHY),I426,ALCOHOLIC CARDIOMYOPATHY
25,CARDIOVASCULAR,CARDIOMYOPATHY,I42 (CARDIOMYOPATHY),I42,CARDIOMYOPATHY,I427 (CARDIOMYOP-DRG/O/EXT AGT),I427,CARDIOMYOP-DRG/O/EXT AGT
26,CARDIOVASCULAR,CARDIOMYOPATHY,I42 (CARDIOMYOPATHY),I42,CARDIOMYOPATHY,I428 (OTHER CARDIOMYOPATHIES),I428,OTHER CARDIOMYOPATHIES
27,CARDIOVASCULAR,CARDIOMYOPATHY,I42 (CARDIOMYOPATHY),I42,CARDIOMYOPATHY,I429 (CARDIOMYOPATHY UNSP),I429,CARDIOMYOPATHY UNSP
28,CARDIOVASCULAR,CHRONIC ISCHEMIC HEART DISEASE,I25 (CHR ISCHAEM HRT DIS),I25,CHR ISCHAEM HRT DIS,I250 (ATHEROSCL CARDIOVASC DIS),I250,ATHEROSCL CARDIOVASC DIS
29,CARDIOVASCULAR,CHRONIC ISCHEMIC HEART DISEASE,I25 (CHR ISCHAEM HRT DIS),I25,CHR ISCHAEM HRT DIS,I251 (ATHEROSCL HEART DIS),I251,ATHEROSCL HEART DIS
30,CARDIOVASCULAR,CHRONIC ISCHEMIC HEART DISEASE,I25 (CHR ISCHAEM HRT DIS),I25,CHR ISCHAEM HRT DIS,I252 (OLD MYOCARD INFARCT),I252,OLD MYOCARD INFARCT
31,CARDIOVASCULAR,CHRONIC ISCHEMIC HEART DISEASE,I25 (CHR ISCHAEM HRT DIS),I25,CHR ISCHAEM HRT DIS,I253 (ANEURYSM OF HEART),I253,ANEURYSM OF HEART
32,CARDIOVASCULAR,CHRONIC ISCHEMIC HEART DISEASE,I25 (CHR ISCHAEM HRT DIS),I25,CHR ISCHAEM HRT DIS,I254 (CORO ARTERY ANEUR+DISSEC),I254,CORO ARTERY ANEUR+DISSEC
33,CARDIOVASCULAR,CHRONIC ISCHEMIC HEART DISEASE,I25 (CHR ISCHAEM HRT DIS),I25,CHR ISCHAEM HRT DIS,I255 (ISCHAEMIC CARDIOMYOPATHY),I255,ISCHAEMIC CARDIOMYOPATHY
34,CARDIOVASCULAR,CHRONIC ISCHEMIC HEART DISEASE,I25 (CHR ISCHAEM HRT DIS),I25,CHR ISCHAEM HRT DIS,I256 (SILENT MYOCARD ISCHAEMIA),I256,SILENT MYOCARD ISCHAEMIA
35,CARDIOVASCULAR,CHRONIC ISCHEMIC HEART DISEASE,I25 (CHR ISCHAEM HRT DIS),I25,CHR ISCHAEM HRT DIS,I258 (O/FRM CHR ISCH HRT DIS),I258,O/FRM CHR ISCH HRT DIS
36,CARDIOVASCULAR,CHRONIC ISCHEMIC HEART DISEASE,I25 (CHR ISCHAEM HRT DIS),I25,CHR ISCHAEM HRT DIS,I259 (CHR ISCHAEM HRT DIS UNSP),I259,CHR ISCHAEM HRT DIS UNSP
37,CARDIOVASCULAR,HEART FAILURE,I50 (HEART FAILURE),I50,HEART FAILURE,I500 (CONGESTIVE HEART FAILURE),I500,CONGESTIVE HEART FAILURE
38,CARDIOVASCULAR,HEART FAILURE,I50 (HEART FAILURE),I50,HEART FAILURE,I501 (LEFT VENTRICULAR FAILURE),I501,LEFT VENTRICULAR FAILURE
39,CARDIOVASCULAR,HEART FAILURE,I50 (HEART FAILURE),I50,HEART FAILURE,I509 (HEART FAILURE UNSP),I509,HEART FAILURE UNSP
40,CARDIOVASCULAR,HYPERTENSION,I10 (ESSENTIAL (PRIM) HYPERT),I10,ESSENTIAL (PRIM) HYPERT,I100 (ESSENTIAL (PRIM) HYPERT),I100,ESSENTIAL (PRIM) HYPERT
41,CARDIOVASCULAR,HYPERTENSION,I11 (HYPERTENSIVE HEART DIS),I11,HYPERTENSIVE HEART DIS,I110 (HYPRTN HRT DIS+HRT FAIL),I110,HYPRTN HRT DIS+HRT FAIL
42,CARDIOVASCULAR,HYPERTENSION,I11 (HYPERTENSIVE HEART DIS),I11,HYPERTENSIVE HEART DIS,I119 (HYPRTN HRT DIS WO HRT FL),I119,HYPRTN HRT DIS WO HRT FL
43,CARDIOVASCULAR,HYPERTENSION,I12 (HYPRTENS RENAL DIS),I12,HYPRTENS RENAL DIS,I120 (HYPRTN REN DIS+REN FAIL),I120,HYPRTN REN DIS+REN FAIL
44,CARDIOVASCULAR,HYPERTENSION,I12 (HYPRTENS RENAL DIS),I12,HYPRTENS RENAL DIS,I129 (HYPRTN REN DIS WO REN FL),I129,HYPRTN REN DIS WO REN FL
45,CARDIOVASCULAR,HYPERTENSION,I13 (HYPRTENS HRT/RENAL DIS),I13,HYPRTENS HRT/RENAL DIS,I130 (HYPTN HT/REN DIS+C HT FL),I130,HYPTN HT/REN DIS+C HT FL
46,CARDIOVASCULAR,HYPERTENSION,I13 (HYPRTENS HRT/RENAL DIS),I13,HYPRTENS HRT/RENAL DIS,I131 (HYPRTN HT/REN DIS+REN FL),I131,HYPRTN HT/REN DIS+REN FL
47,CARDIOVASCULAR,HYPERTENSION,I13 (HYPRTENS HRT/RENAL DIS),I13,HYPRTENS HRT/RENAL DIS,I132 (HYPRTN HT/RN+C HT+REN FL),I132,HYPRTN HT/RN+C HT+REN FL
48,CARDIOVASCULAR,HYPERTENSION,I13 (HYPRTENS HRT/RENAL DIS),I13,HYPRTENS HRT/RENAL DIS,I139 (HYPRTN HRT/REN DIS UNSP),I139,HYPRTN HRT/REN DIS UNSP
49,CARDIOVASCULAR,HYPERTENSION,I15 (SECONDARY HYPERTENSION),I15,SECONDARY HYPERTENSION,I150 (RENOVASCULAR HYPERT),I150,RENOVASCULAR HYPERT
50,CARDIOVASCULAR,HYPERTENSION,I15 (SECONDARY HYPERTENSION),I15,SECONDARY HYPERTENSION,I151 (HYPERT SEC-OTH REN DIS),I151,HYPERT SEC-OTH REN DIS
51,CARDIOVASCULAR,HYPERTENSION,I15 (SECONDARY HYPERTENSION),I15,SECONDARY HYPERTENSION,I152 (HYPERT SEC-ENDOCR DIS),I152,HYPERT SEC-ENDOCR DIS
52,CARDIOVASCULAR,HYPERTENSION,I15 (SECONDARY HYPERTENSION),I15,SECONDARY HYPERTENSION,I158 (OTH SECONDARY HYPERT),I158,OTH SECONDARY HYPERT
53,CARDIOVASCULAR,HYPERTENSION,I15 (SECONDARY HYPERTENSION),I15,SECONDARY HYPERTENSION,I159 (SECONDARY HYPERT UNSP),I159,SECONDARY HYPERT UNSP
54,CARDIOVASCULAR,HYPERTENSION,I27 (OTH PULM HEART DIS),I27,OTH PULM HEART DIS,I270 (PRIM PULMONARY HYPERT),I270,PRIM PULMONARY HYPERT
55,CARDIOVASCULAR,HYPERTENSION,I27 (OTH PULM HEART DIS),I27,OTH PULM HEART DIS,I272 (OTH SEC PULM HYPERT),I272,OTH SEC PULM HYPERT
56,CARDIOVASCULAR,HYPERTENSION,O10 (PRE EX HP COMP PR/CH/PRP),O10,PRE EX HP COMP PR/CH/PRP,O100 (PRE EX ESS HP COMP P/C/P),O100,PRE EX ESS HP COMP P/C/P
57,CARDIOVASCULAR,MYOCARDIAL INFARCTION,I21 (AC MYOCARDIAL INFARCTION),I21,AC MYOCARDIAL INFARCTION,I210 (AC TRANSMUR MI ANT WALL),I210,AC TRANSMUR MI ANT WALL
58,CARDIOVASCULAR,MYOCARDIAL INFARCTION,I21 (AC MYOCARDIAL INFARCTION),I21,AC MYOCARDIAL INFARCTION,I211 (AC TRANSMUR MI INF WALL),I211,AC TRANSMUR MI INF WALL
59,CARDIOVASCULAR,MYOCARDIAL INFARCTION,I21 (AC MYOCARDIAL INFARCTION),I21,AC MYOCARDIAL INFARCTION,I212 (AC TRANSMUR MI OTH SITES),I212,AC TRANSMUR MI OTH SITES
60,CARDIOVASCULAR,MYOCARDIAL INFARCTION,I21 (AC MYOCARDIAL INFARCTION),I21,AC MYOCARDIAL INFARCTION,I213 (AC TRANSMUR MI UNSP SITE),I213,AC TRANSMUR MI UNSP SITE
61,CARDIOVASCULAR,MYOCARDIAL INFARCTION,I21 (AC MYOCARDIAL INFARCTION),I21,AC MYOCARDIAL INFARCTION,I214 (AC SUBENDOCARD MI),I214,AC SUBENDOCARD MI
62,CARDIOVASCULAR,MYOCARDIAL INFARCTION,I21 (AC MYOCARDIAL INFARCTION),I21,AC MYOCARDIAL INFARCTION,I219 (AC MYOCARD INFARCT UNSP),I219,AC MYOCARD INFARCT UNSP
63,CARDIOVASCULAR,MYOCARDIAL INFARCTION,I22 (SUBSEQUENT MI),I22,SUBSEQUENT MI,I220 (SUBSEQUENT MI ANT WALL),I220,SUBSEQUENT MI ANT WALL
64,CARDIOVASCULAR,MYOCARDIAL INFARCTION,I22 (SUBSEQUENT MI),I22,SUBSEQUENT MI,I221 (SUBSEQUENT MI INFER WALL),I221,SUBSEQUENT MI INFER WALL
65,CARDIOVASCULAR,MYOCARDIAL INFARCTION,I22 (SUBSEQUENT MI),I22,SUBSEQUENT MI,I228 (SUBSEQUENT MI OTH SITES),I228,SUBSEQUENT MI OTH SITES
66,CARDIOVASCULAR,MYOCARDIAL INFARCTION,I22 (SUBSEQUENT MI),I22,SUBSEQUENT MI,I229 (SUBSEQUENT MI UNSP SITE),I229,SUBSEQUENT MI UNSP SITE
67,CARDIOVASCULAR,MYOCARDIAL INFARCTION,I23 (CTN COMPLIC AFTER AC MI),I23,CTN COMPLIC AFTER AC MI,I230 (HMOPERIC AFTER AC MI),I230,HMOPERIC AFTER AC MI
68,CARDIOVASCULAR,OTHER CARDIAC ARRHYTHMIAS,I49 (OTH CARDIAC ARRHYTHMIAS),I49,OTH CARDIAC ARRHYTHMIAS,I490 (VENTRIC FIBRILLAT/FLUTT),I490,VENTRIC FIBRILLAT/FLUTT
69,CARDIOVASCULAR,OTHER CARDIAC ARRHYTHMIAS,I49 (OTH CARDIAC ARRHYTHMIAS),I49,OTH CARDIAC ARRHYTHMIAS,I491 (ATRIAL PREM DEPOLARIZAT),I491,ATRIAL PREM DEPOLARIZAT
70,CARDIOVASCULAR,OTHER CARDIAC ARRHYTHMIAS,I49 (OTH CARDIAC ARRHYTHMIAS),I49,OTH CARDIAC ARRHYTHMIAS,I492 (JUNCT PREM DEPOLARIZAT),I492,JUNCT PREM DEPOLARIZAT
71,CARDIOVASCULAR,OTHER CARDIAC ARRHYTHMIAS,I49 (OTH CARDIAC ARRHYTHMIAS),I49,OTH CARDIAC ARRHYTHMIAS,I493 (VENTRIC PREM DEPOLARIZ),I493,VENTRIC PREM DEPOLARIZ
72,CARDIOVASCULAR,OTHER CARDIAC ARRHYTHMIAS,I49 (OTH CARDIAC ARRHYTHMIAS),I49,OTH CARDIAC ARRHYTHMIAS,I494 (OTH/UNSP PREM DEPOLARIZ),I494,OTH/UNSP PREM DEPOLARIZ
73,CARDIOVASCULAR,OTHER CARDIAC ARRHYTHMIAS,I49 (OTH CARDIAC ARRHYTHMIAS),I49,OTH CARDIAC ARRHYTHMIAS,I495 (SICK SINUS SYNDROME),I495,SICK SINUS SYNDROME
74,CARDIOVASCULAR,OTHER CARDIAC ARRHYTHMIAS,I49 (OTH CARDIAC ARRHYTHMIAS),I49,OTH CARDIAC ARRHYTHMIAS,I498 (OTH SPEC CARDIAC ARRHYTH),I498,OTH SPEC CARDIAC ARRHYTH
75,CARDIOVASCULAR,OTHER CARDIAC ARRHYTHMIAS,I49 (OTH CARDIAC ARRHYTHMIAS),I49,OTH CARDIAC ARRHYTHMIAS,I499 (CARDIAC ARRHYTHMIA UNSP),I499,CARDIAC ARRHYTHMIA UNSP
76,CARDIOVASCULAR,OTHER FORMS OF HEART DISEASE,I30 (ACUTE PERICARDITIS),I30,ACUTE PERICARDITIS,I308 (O/FORMS AC PERICARDITIS),I308,O/FORMS AC PERICARDITIS
77,CARDIOVASCULAR,OTHER FORMS OF HEART DISEASE,I30 (ACUTE PERICARDITIS),I30,ACUTE PERICARDITIS,I309 (ACUTE PERICARDITIS UNSP),I309,ACUTE PERICARDITIS UNSP
78,CARDIOVASCULAR,OTHER FORMS OF HEART DISEASE,I31 (OTH DIS OF PERICARDIUM),I31,OTH DIS OF PERICARDIUM,I311 (CHR CONSTRICT PERICARD),I311,CHR CONSTRICT PERICARD
79,CARDIOVASCULAR,OTHER FORMS OF HEART DISEASE,I31 (OTH DIS OF PERICARDIUM),I31,OTH DIS OF PERICARDIUM,I319 (DIS OF PERICARDIUM UNSP),I319,DIS OF PERICARDIUM UNSP
80,CARDIOVASCULAR,OTHER FORMS OF HEART DISEASE,I33 (AC/SUBAC ENDOCARDITIS),I33,AC/SUBAC ENDOCARDITIS,I330 (AC/SUBAC INF ENDOCARD),I330,AC/SUBAC INF ENDOCARD
81,CARDIOVASCULAR,OTHER FORMS OF HEART DISEASE,I33 (AC/SUBAC ENDOCARDITIS),I33,AC/SUBAC ENDOCARDITIS,I339 (ACUTE ENDOCARDITIS UNSP),I339,ACUTE ENDOCARDITIS UNSP
82,CARDIOVASCULAR,OTHER FORMS OF HEART DISEASE,I44 (ATRIOVENTR/LT BDL BR BLK),I44,ATRIOVENTR/LT BDL BR BLK,I440 (ATRIOVENT BLOCK FST DEG),I440,ATRIOVENT BLOCK FST DEG
83,CARDIOVASCULAR,OTHER FORMS OF HEART DISEASE,I44 (ATRIOVENTR/LT BDL BR BLK),I44,ATRIOVENTR/LT BDL BR BLK,I441 (ATRIOVENT BLOCK SEC DEG),I441,ATRIOVENT BLOCK SEC DEG
84,CARDIOVASCULAR,OTHER FORMS OF HEART DISEASE,I44 (ATRIOVENTR/LT BDL BR BLK),I44,ATRIOVENTR/LT BDL BR BLK,I442 (ATRIOVENTR BLOCK COMPL),I442,ATRIOVENTR BLOCK COMPL
85,CARDIOVASCULAR,OTHER FORMS OF HEART DISEASE,I44 (ATRIOVENTR/LT BDL BR BLK),I44,ATRIOVENTR/LT BDL BR BLK,I443 (OTH/UNSP ATRIOVENTR BLCK),I443,OTH/UNSP ATRIOVENTR BLCK
86,CARDIOVASCULAR,OTHER FORMS OF HEART DISEASE,I44 (ATRIOVENTR/LT BDL BR BLK),I44,ATRIOVENTR/LT BDL BR BLK,I446 (O/UNSP FASCICULAR BLOCK),I446,O/UNSP FASCICULAR BLOCK
87,CARDIOVASCULAR,OTHER FORMS OF HEART DISEASE,I44 (ATRIOVENTR/LT BDL BR BLK),I44,ATRIOVENTR/LT BDL BR BLK,I447 (LT BUNDLE BRANCH BL UNSP),I447,LT BUNDLE BRANCH BL UNSP
88,CARDIOVASCULAR,OTHER FORMS OF HEART DISEASE,I45 (OTH CONDUCTION DISORDERS),I45,OTH CONDUCTION DISORDERS,I451 (OTH/UNSP RT BNDL BR BLK),I451,OTH/UNSP RT BNDL BR BLK
89,CARDIOVASCULAR,OTHER FORMS OF HEART DISEASE,I45 (OTH CONDUCTION DISORDERS),I45,OTH CONDUCTION DISORDERS,I454 (NONSP INTRAVENTRIC BLOCK),I454,NONSP INTRAVENTRIC BLOCK
90,CARDIOVASCULAR,OTHER FORMS OF HEART DISEASE,I45 (OTH CONDUCTION DISORDERS),I45,OTH CONDUCTION DISORDERS,I455 (OTH SPEC HEART BLOCK),I455,OTH SPEC HEART BLOCK
91,CARDIOVASCULAR,OTHER FORMS OF HEART DISEASE,I45 (OTH CONDUCTION DISORDERS),I45,OTH CONDUCTION DISORDERS,I456 (PRE EXCITATION SYNDROME),I456,PRE EXCITATION SYNDROME
92,CARDIOVASCULAR,OTHER FORMS OF HEART DISEASE,I45 (OTH CONDUCTION DISORDERS),I45,OTH CONDUCTION DISORDERS,I458 (OTH SPEC CONDUCTION DIS),I458,OTH SPEC CONDUCTION DIS
93,CARDIOVASCULAR,OTHER FORMS OF HEART DISEASE,I45 (OTH CONDUCTION DISORDERS),I45,OTH CONDUCTION DISORDERS,I459 (CONDUCTION DIS UNSP),I459,CONDUCTION DIS UNSP
94,CARDIOVASCULAR,OTHER FORMS OF HEART DISEASE,I51 (COMPL/I/DEF DESC-HRT DIS),I51,COMPL/I/DEF DESC-HRT DIS,I514 (MYOCARDITIS UNSPECIFIED),I514,MYOCARDITIS UNSPECIFIED
95,CARDIOVASCULAR,OTHER FORMS OF HEART DISEASE,I51 (COMPL/I/DEF DESC-HRT DIS),I51,COMPL/I/DEF DESC-HRT DIS,I515 (MYOCARDIAL DEGENERATION),I515,MYOCARDIAL DEGENERATION
96,CARDIOVASCULAR,OTHER FORMS OF HEART DISEASE,I51 (COMPL/I/DEF DESC-HRT DIS),I51,COMPL/I/DEF DESC-HRT DIS,I516 (CARDIOVASCULAR DIS UNSP),I516,CARDIOVASCULAR DIS UNSP
97,CARDIOVASCULAR,OTHER FORMS OF HEART DISEASE,I51 (COMPL/I/DEF DESC-HRT DIS),I51,COMPL/I/DEF DESC-HRT DIS,I517 (CARDIOMEGALY),I517,CARDIOMEGALY
98,CARDIOVASCULAR,OTHER FORMS OF HEART DISEASE,I51 (COMPL/I/DEF DESC-HRT DIS),I51,COMPL/I/DEF DESC-HRT DIS,I518 (OTH ILL DEF HEART DIS),I518,OTH ILL DEF HEART DIS
99,CARDIOVASCULAR,OTHER FORMS OF HEART DISEASE,I51 (COMPL/I/DEF DESC-HRT DIS),I51,COMPL/I/DEF DESC-HRT DIS,I519 (HEART DISEASE UNSP),I519,HEART DISEASE UNSP
100,CARDIOVASCULAR,PAROXYSMAL TACHYCARDIA,I47 (PAROXYSMAL TACHYCARDIA),I47,PAROXYSMAL TACHYCARDIA,I470 (RE ENTRY VENTRIC ARRHYTH),I470,RE ENTRY VENTRIC ARRHYTH
101,CARDIOVASCULAR,PAROXYSMAL TACHYCARDIA,I47 (PAROXYSMAL TACHYCARDIA),I47,PAROXYSMAL TACHYCARDIA,I471 (SUPRAVENTRIC TACHYCARDIA),I471,SUPRAVENTRIC TACHYCARDIA
102,CARDIOVASCULAR,PAROXYSMAL TACHYCARDIA,I47 (PAROXYSMAL TACHYCARDIA),I47,PAROXYSMAL TACHYCARDIA,I472 (VENTRICULAR TACHYCARDIA),I472,VENTRICULAR TACHYCARDIA
103,CARDIOVASCULAR,PAROXYSMAL TACHYCARDIA,I47 (PAROXYSMAL TACHYCARDIA),I47,PAROXYSMAL TACHYCARDIA,I479 (PAROXYS TACHYCARD UNSP),I479,PAROXYS TACHYCARD UNSP
104,CARDIOVASCULAR,POSTPROCEDURAL DISORDERS OF CIRCULATORY SYSTEM,I97 (POSTPROC DIS-CIR SYS NEC),I97,POSTPROC DIS-CIR SYS NEC,I971 (O/FUNC DIST AFT CARDSURG),I971,O/FUNC DIST AFT CARDSURG
105,CARDIOVASCULAR,POSTPROCEDURAL DISORDERS OF CIRCULATORY SYSTEM,I97 (POSTPROC DIS-CIR SYS NEC),I97,POSTPROC DIS-CIR SYS NEC,I978 (O/POSTPROC DIS CIRC SYST),I978,O/POSTPROC DIS CIRC SYST
106,CNS,ANXIETY DISORDER,F41 (OTHER ANXIETY DISORDERS),F41,OTHER ANXIETY DISORDERS,F410 (PANIC DIS),F410,PANIC DIS
107,CNS,ANXIETY DISORDER,F41 (OTHER ANXIETY DISORDERS),F41,OTHER ANXIETY DISORDERS,F411 (GENERALIZED ANXIETY DIS),F411,GENERALIZED ANXIETY DIS
108,CNS,ANXIETY DISORDER,F41 (OTHER ANXIETY DISORDERS),F41,OTHER ANXIETY DISORDERS,F412 (MXD ANX/DEPRSV DIS),F412,MXD ANX/DEPRSV DIS
109,CNS,ANXIETY DISORDER,F41 (OTHER ANXIETY DISORDERS),F41,OTHER ANXIETY DISORDERS,F413 (OTH MIXED ANXIETY DIS),F413,OTH MIXED ANXIETY DIS
110,CNS,ANXIETY DISORDER,F41 (OTHER ANXIETY DISORDERS),F41,OTHER ANXIETY DISORDERS,F418 (OTH SPEC ANXIETY DIS),F418,OTH SPEC ANXIETY DIS
111,CNS,ANXIETY DISORDER,F41 (OTHER ANXIETY DISORDERS),F41,OTHER ANXIETY DISORDERS,F419 (ANXIETY DISORDER UNSP),F419,ANXIETY DISORDER UNSP
112,CNS,ATAXIA,G11 (HEREDITARY ATAXIA),G11,HEREDITARY ATAXIA,G111 (EARLY ONST CEREB ATAXIA),G111,EARLY ONST CEREB ATAXIA
113,CNS,ATAXIA,R25 (ABN INVOLUN MOVEMENT),R25,ABN INVOLUN MOVEMENT,R258 (OTH/UNS ABN INVOL MOVES),R258,OTH/UNS ABN INVOL MOVES
114,CNS,DEPRESSION,F32 (DEPRESSIVE EPISODE),F32,DEPRESSIVE EPISODE,F322 (SVR DEPR EPIS WO PSYCHOT),F322,SVR DEPR EPIS WO PSYCHOT
115,CNS,DEPRESSION,F32 (DEPRESSIVE EPISODE),F32,DEPRESSIVE EPISODE,F323 (SVR DEPR EPIS+PSYCHOT),F323,SVR DEPR EPIS+PSYCHOT
116,CNS,DEPRESSION,F32 (DEPRESSIVE EPISODE),F32,DEPRESSIVE EPISODE,F328 (OTH DEPRESSIVE EPISODES),F328,OTH DEPRESSIVE EPISODES
117,CNS,DEPRESSION,F32 (DEPRESSIVE EPISODE),F32,DEPRESSIVE EPISODE,F329 (DEPRESSIVE EPISODE UNSP),F329,DEPRESSIVE EPISODE UNSP
118,CNS,DEPRESSION,F33 (RECURR DEPRSV DISORDER),F33,RECURR DEPRSV DISORDER,F333 (REC DEPR DIS SVR+PSYCHOT),F333,REC DEPR DIS SVR+PSYCHOT
119,CNS,DEPRESSION,F33 (RECURR DEPRSV DISORDER),F33,RECURR DEPRSV DISORDER,F334 (REC DEPRSV DIS IN REMISS),F334,REC DEPRSV DIS IN REMISS
120,CNS,DEPRESSION,F33 (RECURR DEPRSV DISORDER),F33,RECURR DEPRSV DISORDER,F339 (RECURR DEPRSV DIS UNSP),F339,RECURR DEPRSV DIS UNSP
121,CNS,HEADACHE,G44 (OTHER HEADACHE SYNDROMES),G44,OTHER HEADACHE SYNDROMES,G440 (CLUSTER HEADACHE SYND),G440,CLUSTER HEADACHE SYND
122,CNS,HEADACHE,G44 (OTHER HEADACHE SYNDROMES),G44,OTHER HEADACHE SYNDROMES,G442 (TENSION TYPE HEADACHE),G442,TENSION TYPE HEADACHE
123,CNS,HEADACHE,G44 (OTHER HEADACHE SYNDROMES),G44,OTHER HEADACHE SYNDROMES,G444 (DRUG INDCD HEADACHE NEC),G444,DRUG INDCD HEADACHE NEC
124,CNS,HEADACHE,G44 (OTHER HEADACHE SYNDROMES),G44,OTHER HEADACHE SYNDROMES,G448 (OTH SPEC HEADACHE SYNDS),G448,OTH SPEC HEADACHE SYNDS
125,CNS,HEADACHE,R51 (HEADACHE),R51,HEADACHE,R510 (HEADACHE),R510,HEADACHE
126,CNS,MIGRAINE,G43 (MIGRAINE),G43,MIGRAINE,G430 (MIGRAINE WO AURA (COMM)),G430,MIGRAINE WO AURA (COMM)
127,CNS,MIGRAINE,G43 (MIGRAINE),G43,MIGRAINE,G431 (MIGRAINE+AURA (CLASS)),G431,MIGRAINE+AURA (CLASS)
128,CNS,MIGRAINE,G43 (MIGRAINE),G43,MIGRAINE,G433 (COMPLICATED MIGRAINE),G433,COMPLICATED MIGRAINE
129,CNS,MIGRAINE,G43 (MIGRAINE),G43,MIGRAINE,G438 (OTHER MIGRAINE),G438,OTHER MIGRAINE
130,CNS,MIGRAINE,G43 (MIGRAINE),G43,MIGRAINE,G439 (MIGRAINE UNSPECIFIED),G439,MIGRAINE UNSPECIFIED
131,CNS,SOMATOFORM DISORDERS,F45 (SOMATOFORM DISORDERS),F45,SOMATOFORM DISORDERS,F453 (SOMATORM AUTON DYSFUNC),F453,SOMATORM AUTON DYSFUNC
132,CNS,TREMOR,G25 (O/EXTRAPYRAM/MVNT DIS),G25,O/EXTRAPYRAM/MVNT DIS,G250 (ESSENTIAL TREMOR),G250,ESSENTIAL TREMOR
133,CNS,TREMOR,G25 (O/EXTRAPYRAM/MVNT DIS),G25,O/EXTRAPYRAM/MVNT DIS,G251 (DRUG INDUCED TREMOR),G251,DRUG INDUCED TREMOR
134,CNS,TREMOR,G25 (O/EXTRAPYRAM/MVNT DIS),G25,O/EXTRAPYRAM/MVNT DIS,G252 (OTH SPEC FORMS OF TREMOR),G252,OTH SPEC FORMS OF TREMOR
135,CNS,TREMOR,G25 (O/EXTRAPYRAM/MVNT DIS),G25,O/EXTRAPYRAM/MVNT DIS,G256 (TICS-DRG IND O/ORG ORIG),G256,TICS-DRG IND O/ORG ORIG
136,CNS,TREMOR,G25 (O/EXTRAPYRAM/MVNT DIS),G25,O/EXTRAPYRAM/MVNT DIS,G258 (O/SPEC EXTRAPYR/MVNT DIS),G258,O/SPEC EXTRAPYR/MVNT DIS
137,CNS,TREMOR,G25 (O/EXTRAPYRAM/MVNT DIS),G25,O/EXTRAPYRAM/MVNT DIS,G259 (EXTRAPYRAM/MVMT DIS UNSP),G259,EXTRAPYRAM/MVMT DIS UNSP
138,CNS,TREMOR,R25 (ABN INVOLUN MOVEMENT),R25,ABN INVOLUN MOVEMENT,R251 (TREMOR UNSPECIFIED),R251,TREMOR UNSPECIFIED
139,ENDOCRINE & METABOLIC,DIABETES,E10 (INSULIN DEPENDENT D.MELL),E10,INSULIN DEPENDENT D.MELL,E100 (TYPE 1 D.M.WITH COMA),E100,TYPE 1 D.M.WITH COMA
140,ENDOCRINE & METABOLIC,DIABETES,E10 (INSULIN DEPENDENT D.MELL),E10,INSULIN DEPENDENT D.MELL,E101 (TYPE 1 D.M. W KETOACIDOS),E101,TYPE 1 D.M. W KETOACIDOS
141,ENDOCRINE & METABOLIC,DIABETES,E10 (INSULIN DEPENDENT D.MELL),E10,INSULIN DEPENDENT D.MELL,E105 (TYPE 1 D.M. PER CIR COMP),E105,TYPE 1 D.M. PER CIR COMP
142,ENDOCRINE & METABOLIC,DIABETES,E10 (INSULIN DEPENDENT D.MELL),E10,INSULIN DEPENDENT D.MELL,E106 (TYPE 1 D.M. OT SPEC COMP),E106,TYPE 1 D.M. OT SPEC COMP
143,ENDOCRINE & METABOLIC,DIABETES,E10 (INSULIN DEPENDENT D.MELL),E10,INSULIN DEPENDENT D.MELL,E107 (TYPE 1 D.M. MULT COMP),E107,TYPE 1 D.M. MULT COMP
144,ENDOCRINE & METABOLIC,DIABETES,E10 (INSULIN DEPENDENT D.MELL),E10,INSULIN DEPENDENT D.MELL,E108 (TYPE 1 D.M. W UNSP COMP),E108,TYPE 1 D.M. W UNSP COMP
145,ENDOCRINE & METABOLIC,DIABETES,E10 (INSULIN DEPENDENT D.MELL),E10,INSULIN DEPENDENT D.MELL,E109 (TYPE 1 D.M. WITHOUT COMP),E109,TYPE 1 D.M. WITHOUT COMP
146,ENDOCRINE & METABOLIC,DIABETES,E11 (NON-IDDM),E11,NON-IDDM,E110 (TYPE 2 D.M.WITH COMA),E110,TYPE 2 D.M.WITH COMA
147,ENDOCRINE & METABOLIC,DIABETES,E11 (NON-IDDM),E11,NON-IDDM,E111 (TYPE 2 D.M. W KETOACIDOS),E111,TYPE 2 D.M. W KETOACIDOS
148,ENDOCRINE & METABOLIC,DIABETES,E11 (NON-IDDM),E11,NON-IDDM,E115 (TYPE 2 D.M. PER CIR COMP),E115,TYPE 2 D.M. PER CIR COMP
149,ENDOCRINE & METABOLIC,DIABETES,E11 (NON-IDDM),E11,NON-IDDM,E116 (TYPE 2 D.M. OT SPEC COMP),E116,TYPE 2 D.M. OT SPEC COMP
150,ENDOCRINE & METABOLIC,DIABETES,E11 (NON-IDDM),E11,NON-IDDM,E117 (TYPE 2 D.M. MULT COMP),E117,TYPE 2 D.M. MULT COMP
151,ENDOCRINE & METABOLIC,DIABETES,E11 (NON-IDDM),E11,NON-IDDM,E118 (TYPE 2 D.M. W UNSP COMP),E118,TYPE 2 D.M. W UNSP COMP
152,ENDOCRINE & METABOLIC,DIABETES,E11 (NON-IDDM),E11,NON-IDDM,E119 (TYPE 2 D.M. WITHOUT COMP),E119,TYPE 2 D.M. WITHOUT COMP
153,ENDOCRINE & METABOLIC,DIABETES,E13 (OTH SPECIFIED D.MELL),E13,OTH SPECIFIED D.MELL,E139 (OTH SPEC D.MELL WO COMP),E139,OTH SPEC D.MELL WO COMP
154,ENDOCRINE & METABOLIC,DIABETES,E14 (UNSPEC D.MELL),E14,UNSPEC D.MELL,E145 (UNSP DM+PER CIRC COMP),E145,UNSP DM+PER CIRC COMP
155,ENDOCRINE & METABOLIC,DIABETES,E14 (UNSPEC D.MELL),E14,UNSPEC D.MELL,E146 (UNSP D.MELL+O/SPEC COMP),E146,UNSP D.MELL+O/SPEC COMP
156,ENDOCRINE & METABOLIC,DIABETES,E14 (UNSPEC D.MELL),E14,UNSPEC D.MELL,E147 (UNSP D.MELL + MULT COMP),E147,UNSP D.MELL + MULT COMP
157,ENDOCRINE & METABOLIC,DIABETES,E14 (UNSPEC D.MELL),E14,UNSPEC D.MELL,E148 (UNSP D.MELL + UNSP COMP),E148,UNSP D.MELL + UNSP COMP
158,ENDOCRINE & METABOLIC,DIABETES,E14 (UNSPEC D.MELL),E14,UNSPEC D.MELL,E149 (UNSP D.MELL WO COMP),E149,UNSP D.MELL WO COMP
159,ENDOCRINE & METABOLIC,DIABETES,O24 (D.MELL IN PREGNANCY),O24,D.MELL IN PREGNANCY,O243 (PRE EX D.MELL UNSP PREG),O243,PRE EX D.MELL UNSP PREG
160,ENDOCRINE & METABOLIC,DIABETIC NEPHROPATHY,E10 (INSULIN DEPENDENT D.MELL),E10,INSULIN DEPENDENT D.MELL,E102 (TYPE 1 D.M. W RENAL COMP),E102,TYPE 1 D.M. W RENAL COMP
161,ENDOCRINE & METABOLIC,DIABETIC NEPHROPATHY,E11 (NON-IDDM),E11,NON-IDDM,E112 (TYPE 2 D.M. W RENAL COMP),E112,TYPE 2 D.M. W RENAL COMP
162,ENDOCRINE & METABOLIC,DIABETIC NEPHROPATHY,E14 (UNSPEC D.MELL),E14,UNSPEC D.MELL,E142 (UNSP D.MELL + REN COMP),E142,UNSP D.MELL + REN COMP
163,ENDOCRINE & METABOLIC,DIABETIC NEUROPATHY,E10 (INSULIN DEPENDENT D.MELL),E10,INSULIN DEPENDENT D.MELL,E104 (TYPE 1 D.M. W NEURO COMP),E104,TYPE 1 D.M. W NEURO COMP
164,ENDOCRINE & METABOLIC,DIABETIC NEUROPATHY,E14 (UNSPEC D.MELL),E14,UNSPEC D.MELL,E144 (UNSP D.MELL+NEURO COMP),E144,UNSP D.MELL+NEURO COMP
165,ENDOCRINE & METABOLIC,DIABETIC RETINOPATHY,E11 (NON-IDDM),E11,NON-IDDM,E113 (TYPE 2 D.M. W OPHTH COMP),E113,TYPE 2 D.M. W OPHTH COMP
166,ENDOCRINE & METABOLIC,DIABETIC RETINOPATHY,E14 (UNSPEC D.MELL),E14,UNSPEC D.MELL,E143 (UNSP D.MELL+OPHT COMP),E143,UNSP D.MELL+OPHT COMP
167,ENDOCRINE & METABOLIC,LIPIDEMIAS,E78 (DIS-LIPOPROT MET/LIPIDM),E78,DIS-LIPOPROT MET/LIPIDM,E780 (PURE HYPERCHOLESTEROLAEM),E780,PURE HYPERCHOLESTEROLAEM
168,ENDOCRINE & METABOLIC,LIPIDEMIAS,E78 (DIS-LIPOPROT MET/LIPIDM),E78,DIS-LIPOPROT MET/LIPIDM,E781 (PURE HYPERGLYCERIDAEMIA),E781,PURE HYPERGLYCERIDAEMIA
169,ENDOCRINE & METABOLIC,LIPIDEMIAS,E78 (DIS-LIPOPROT MET/LIPIDM),E78,DIS-LIPOPROT MET/LIPIDM,E782 (MIXED HYPERLIPIDAEMIA),E782,MIXED HYPERLIPIDAEMIA
170,ENDOCRINE & METABOLIC,LIPIDEMIAS,E78 (DIS-LIPOPROT MET/LIPIDM),E78,DIS-LIPOPROT MET/LIPIDM,E784 (OTHER HYPERLIPIDAEMIA),E784,OTHER HYPERLIPIDAEMIA
171,ENDOCRINE & METABOLIC,LIPIDEMIAS,E78 (DIS-LIPOPROT MET/LIPIDM),E78,DIS-LIPOPROT MET/LIPIDM,E785 (HYPERLIPIDAEMIA UNSP),E785,HYPERLIPIDAEMIA UNSP
172,ENDOCRINE & METABOLIC,LIPIDEMIAS,E78 (DIS-LIPOPROT MET/LIPIDM),E78,DIS-LIPOPROT MET/LIPIDM,E789 (DIS LIPOPROT METAB UNSP),E789,DIS LIPOPROT METAB UNSP
173,ENDOCRINE & METABOLIC,OBESITY,E66 (OBESITY),E66,OBESITY,E660 (OBESITY-EXCESS CALS),E660,OBESITY-EXCESS CALS
174,ENDOCRINE & METABOLIC,OBESITY,E66 (OBESITY),E66,OBESITY,E669 (OBESITY UNSPECIFIED),E669,OBESITY UNSPECIFIED
175,ENDOCRINE & METABOLIC,OTHER THYROID DISORDERS,E04 (OTHER NONTOXIC GOITRE),E04,OTHER NONTOXIC GOITRE,E040 (NONTOXIC DIFFUSE GOITRE),E040,NONTOXIC DIFFUSE GOITRE
176,ENDOCRINE & METABOLIC,OTHER THYROID DISORDERS,E04 (OTHER NONTOXIC GOITRE),E04,OTHER NONTOXIC GOITRE,E049 (NONTOXIC GOITRE UNSP),E049,NONTOXIC GOITRE UNSP
177,ENDOCRINE & METABOLIC,OTHER THYROID DISORDERS,E05 (THYROTOXICOSIS),E05,THYROTOXICOSIS,E050 (THYROTOX+DIFF GOITRE),E050,THYROTOX+DIFF GOITRE
178,ENDOCRINE & METABOLIC,OTHER THYROID DISORDERS,E05 (THYROTOXICOSIS),E05,THYROTOXICOSIS,E051 (THYROTOX+TOXL THYR NOD),E051,THYROTOX+TOXL THYR NOD
179,ENDOCRINE & METABOLIC,OTHER THYROID DISORDERS,E05 (THYROTOXICOSIS),E05,THYROTOXICOSIS,E052 (THYROTOX+TOX M/ND GOITRE),E052,THYROTOX+TOX M/ND GOITRE
180,ENDOCRINE & METABOLIC,OTHER THYROID DISORDERS,E05 (THYROTOXICOSIS),E05,THYROTOXICOSIS,E053 (THYROTOX-ECTOP THYR TISS),E053,THYROTOX-ECTOP THYR TISS
181,ENDOCRINE & METABOLIC,OTHER THYROID DISORDERS,E05 (THYROTOXICOSIS),E05,THYROTOXICOSIS,E055 (THYROID CRISIS OR STORM),E055,THYROID CRISIS OR STORM
182,ENDOCRINE & METABOLIC,OTHER THYROID DISORDERS,E05 (THYROTOXICOSIS),E05,THYROTOXICOSIS,E059 (THYROTOXICOSIS UNSP),E059,THYROTOXICOSIS UNSP
183,ENDOCRINE & METABOLIC,OTHER THYROID DISORDERS,E06 (THYROIDITIS),E06,THYROIDITIS,E060 (ACUTE THYROIDITIS),E060,ACUTE THYROIDITIS
184,ENDOCRINE & METABOLIC,OTHER THYROID DISORDERS,E06 (THYROIDITIS),E06,THYROIDITIS,E061 (SUBACUTE THYROIDITIS),E061,SUBACUTE THYROIDITIS
185,ENDOCRINE & METABOLIC,OTHER THYROID DISORDERS,E06 (THYROIDITIS),E06,THYROIDITIS,E063 (AUTOIMMUNE THYROIDITIS),E063,AUTOIMMUNE THYROIDITIS
186,ENDOCRINE & METABOLIC,OTHER THYROID DISORDERS,E06 (THYROIDITIS),E06,THYROIDITIS,E065 (OTH CHRONIC THYROIDITIS),E065,OTH CHRONIC THYROIDITIS
187,ENDOCRINE & METABOLIC,OTHER THYROID DISORDERS,E06 (THYROIDITIS),E06,THYROIDITIS,E069 (THYROIDITIS UNSPECIFIED),E069,THYROIDITIS UNSPECIFIED
188,ENDOCRINE & METABOLIC,OTHER THYROID DISORDERS,E07 (OTH DISORDERS OF THYROID),E07,OTH DISORDERS OF THYROID,E078 (OTH SPEC DIS OF THYROID),E078,OTH SPEC DIS OF THYROID
189,ENDOCRINE & METABOLIC,OTHER THYROID DISORDERS,E07 (OTH DISORDERS OF THYROID),E07,OTH DISORDERS OF THYROID,E079 (DIS OF THYROID UNSP),E079,DIS OF THYROID UNSP
190,GASTROENTEROLOGY,ALCOHOLIC LIVER DISEASE,K70 (ALCOHOLIC LIVER DISEASE),K70,ALCOHOLIC LIVER DISEASE,K703 (ALCOHOLIC CIRRHOS LIVER),K703,ALCOHOLIC CIRRHOS LIVER
191,GASTROENTEROLOGY,ALCOHOLIC LIVER DISEASE,K70 (ALCOHOLIC LIVER DISEASE),K70,ALCOHOLIC LIVER DISEASE,K709 (ALCOHOLIC LIVER DIS UNSP),K709,ALCOHOLIC LIVER DIS UNSP
192,GASTROENTEROLOGY,GASTRIC ULCER,K25 (GASTRIC ULCER),K25,GASTRIC ULCER,K255 (GAS ULC CHR/UNSP+PERF),K255,GAS ULC CHR/UNSP+PERF
193,GENITOURINARY,CHRONIC KIDNEY DISEASE,N18 (CHRONIC KIDNEY DISEASE),N18,CHRONIC KIDNEY DISEASE,N183 (CHR KIDNEY DISEA STAGE 3),N183,CHR KIDNEY DISEA STAGE 3
194,GENITOURINARY,CHRONIC KIDNEY DISEASE,N18 (CHRONIC KIDNEY DISEASE),N18,CHRONIC KIDNEY DISEASE,N184 (CHR KIDNEY DISEA STAGE 4),N184,CHR KIDNEY DISEA STAGE 4
195,GENITOURINARY,CHRONIC KIDNEY DISEASE,N18 (CHRONIC KIDNEY DISEASE),N18,CHRONIC KIDNEY DISEASE,N185 (CHR KIDNEY DISEA STAGE 5),N185,CHR KIDNEY DISEA STAGE 5
196,GENITOURINARY,CHRONIC KIDNEY DISEASE,N18 (CHRONIC KIDNEY DISEASE),N18,CHRONIC KIDNEY DISEASE,N188 (RECLASSIFIED 2012 TO N18),N188,RECLASSIFIED 2012 TO N18
197,GENITOURINARY,CHRONIC KIDNEY DISEASE,N18 (CHRONIC KIDNEY DISEASE),N18,CHRONIC KIDNEY DISEASE,N189 (CHR KIDNEY DISEASE UNSP),N189,CHR KIDNEY DISEASE UNSP
198,GENITOURINARY,HYPERTENSIVE DISORDERS IN CHILDBIRTH,O10 (PRE EX HP COMP PR/CH/PRP),O10,PRE EX HP COMP PR/CH/PRP,O109 (UNS PRE EX HP COMP P/C/P),O109,UNS PRE EX HP COMP P/C/P
199,GENITOURINARY,HYPERTENSIVE DISORDERS IN CHILDBIRTH,O11 (P/EX HYTN DS+S/IMP PROT),O11,P/EX HYTN DS+S/IMP PROT,O110 (P/EX HYTN DS+S/IMP PROT),O110,P/EX HYTN DS+S/IMP PROT
200,GENITOURINARY,HYPERTENSIVE DISORDERS IN CHILDBIRTH,O13 (GEST HP WO SIG PROTEIN),O13,GEST HP WO SIG PROTEIN,O130 (GEST HP WO SIG PROTEIN),O130,GEST HP WO SIG PROTEIN
201,GENITOURINARY,HYPERTENSIVE DISORDERS IN CHILDBIRTH,O14 (GEST HP W SIG PROTEIN),O14,GEST HP W SIG PROTEIN,O140 (MODERATE PRE ECLAMPSIA),O140,MODERATE PRE ECLAMPSIA
202,GENITOURINARY,HYPERTENSIVE DISORDERS IN CHILDBIRTH,O14 (GEST HP W SIG PROTEIN),O14,GEST HP W SIG PROTEIN,O141 (SEVERE PRE ECLAMPSIA),O141,SEVERE PRE ECLAMPSIA
203,GENITOURINARY,HYPERTENSIVE DISORDERS IN CHILDBIRTH,O14 (GEST HP W SIG PROTEIN),O14,GEST HP W SIG PROTEIN,O149 (PRE ECLAMPSIA UNSP),O149,PRE ECLAMPSIA UNSP
204,GENITOURINARY,HYPERTENSIVE DISORDERS IN CHILDBIRTH,O15 (ECLAMPSIA),O15,ECLAMPSIA,O150 (ECLAMPSIA IN PREGNANCY),O150,ECLAMPSIA IN PREGNANCY
205,GENITOURINARY,HYPERTENSIVE DISORDERS IN CHILDBIRTH,O15 (ECLAMPSIA),O15,ECLAMPSIA,O151 (ECLAMPSIA IN LABOUR),O151,ECLAMPSIA IN LABOUR
206,GENITOURINARY,HYPERTENSIVE DISORDERS IN CHILDBIRTH,O15 (ECLAMPSIA),O15,ECLAMPSIA,O152 (ECLAMPSIA PUERP),O152,ECLAMPSIA PUERP
207,GENITOURINARY,HYPERTENSIVE DISORDERS IN CHILDBIRTH,O16 (UNSP MATERNAL HYPERT),O16,UNSP MATERNAL HYPERT,O160 (UNSP MATERNAL HYPERT),O160,UNSP MATERNAL HYPERT
208,GENITOURINARY,MENOPAUSAL DISORDERS,N95 (MENOP/O/PERIMENOP DIS),N95,MENOP/O/PERIMENOP DIS,N951 (MENOPAUS/FM CLIMAC STATE),N951,MENOPAUS/FM CLIMAC STATE
209,GENITOURINARY,MENOPAUSAL DISORDERS,N95 (MENOP/O/PERIMENOP DIS),N95,MENOP/O/PERIMENOP DIS,N952 (POSTMENOPAUS ATROPH VAG),N952,POSTMENOPAUS ATROPH VAG
210,GENITOURINARY,MENOPAUSAL DISORDERS,N95 (MENOP/O/PERIMENOP DIS),N95,MENOP/O/PERIMENOP DIS,N958 (O/SPEC MENOP/PERIMEN DIS),N958,O/SPEC MENOP/PERIMEN DIS
211,GENITOURINARY,MENOPAUSAL DISORDERS,N95 (MENOP/O/PERIMENOP DIS),N95,MENOP/O/PERIMENOP DIS,N959 (MENOP/PERIMEN DIS UNSP),N959,MENOP/PERIMEN DIS UNSP
212,GENITOURINARY,NEPHROTIC SYNDROME,N03 (CHR NEPHRITIC SYNDROME),N03,CHR NEPHRITIC SYNDROME,N031 (CH NEPH SYN FOC/SEG GLOM),N031,CH NEPH SYN FOC/SEG GLOM
213,GENITOURINARY,NEPHROTIC SYNDROME,N03 (CHR NEPHRITIC SYNDROME),N03,CHR NEPHRITIC SYNDROME,N039 (CHRON NEPHRITIC SYN UNSP),N039,CHRON NEPHRITIC SYN UNSP
214,GENITOURINARY,NEPHROTIC SYNDROME,N05 (UNSP NEPHRITIC SYNDROME),N05,UNSP NEPHRITIC SYNDROME,N050 (UNS NEP SYN MIN GLOM ABN),N050,UNS NEP SYN MIN GLOM ABN
215,GENITOURINARY,NEPHROTIC SYNDROME,N05 (UNSP NEPHRITIC SYNDROME),N05,UNSP NEPHRITIC SYNDROME,N051 (UNS NEP SYN FOC/SEG GLOM),N051,UNS NEP SYN FOC/SEG GLOM
216,GENITOURINARY,NEPHROTIC SYNDROME,N05 (UNSP NEPHRITIC SYNDROME),N05,UNSP NEPHRITIC SYNDROME,N052 (UNS NEP SYN DIF MEM GLOM),N052,UNS NEP SYN DIF MEM GLOM
217,GENITOURINARY,NEPHROTIC SYNDROME,N05 (UNSP NEPHRITIC SYNDROME),N05,UNSP NEPHRITIC SYNDROME,N053 (UNS NEP SYN MES PRO GLOM),N053,UNS NEP SYN MES PRO GLOM
218,GENITOURINARY,NEPHROTIC SYNDROME,N05 (UNSP NEPHRITIC SYNDROME),N05,UNSP NEPHRITIC SYNDROME,N055 (UNS NEPH SYN MESCAP GLOM),N055,UNS NEPH SYN MESCAP GLOM
219,GENITOURINARY,NEPHROTIC SYNDROME,N05 (UNSP NEPHRITIC SYNDROME),N05,UNSP NEPHRITIC SYNDROME,N059 (UNS NEPHRITIC SYN UNSP),N059,UNS NEPHRITIC SYN UNSP
220,GENITOURINARY,PERINATAL DISORDERS,P70 (TRNS DS-C/HY MET-FT/NB),P70,TRNS DS-C/HY MET-FT/NB,P701 (SYND INFNT OF DIAB MOTH),P701,SYND INFNT OF DIAB MOTH
221,MUSCULOSKELETAL,FIBROMYALGIA,M79 (OTH SOFT TISS DIS NEC),M79,OTH SOFT TISS DIS NEC,M797 (FIBROMYALGIA),M797,FIBROMYALGIA
222,MUSCULOSKELETAL,PAIN IN JOINT,M25 (OTH JOINT DISORDERS NEC),M25,OTH JOINT DISORDERS NEC,M255 (PAIN IN JOINT),M255,PAIN IN JOINT
223,ONCOLOGY,ONCOLOGY UNCLASSIFIED,UNCLASSIFIED,UNCLASSIFIED,UNCLASSIFIED,UNCLASSIFIED,UNCLASSIFIED,UNCLASSIFIED
224,OTHERS,IMPLANT,Z45 (ADJ/MANAGE IMPLANT DEV),Z45,ADJ/MANAGE IMPLANT DEV,Z450 (ADJ/MANAG CARD PACEMAKER),Z450,ADJ/MANAG CARD PACEMAKER
225,OTHERS,IMPLANT,Z95 (CARDIAC/VASC IMPL/GRAFT),Z95,CARDIAC/VASC IMPL/GRAFT,Z950 (CARDIAC PACEMAKER),Z950,CARDIAC PACEMAKER
226,OTHERS,IMPLANT,Z95 (CARDIAC/VASC IMPL/GRAFT),Z95,CARDIAC/VASC IMPL/GRAFT,Z952 (PROSTHETIC HEART VALVE),Z952,PROSTHETIC HEART VALVE
227,OTHERS,IMPLANT,Z95 (CARDIAC/VASC IMPL/GRAFT),Z95,CARDIAC/VASC IMPL/GRAFT,Z954 (OTH HEART VALVE REPLACE),Z954,OTH HEART VALVE REPLACE
228,OTHERS,IMPLANT,Z95 (CARDIAC/VASC IMPL/GRAFT),Z95,CARDIAC/VASC IMPL/GRAFT,Z955 (CORO ANGIOPL IMPL/GRAFT),Z955,CORO ANGIOPL IMPL/GRAFT
229,OTHERS,IMPLANT,Z95 (CARDIAC/VASC IMPL/GRAFT),Z95,CARDIAC/VASC IMPL/GRAFT,Z958 (OTH CARD/VASC IMPL/GRAFT),Z958,OTH CARD/VASC IMPL/GRAFT
230,OTHERS,IMPLANT,Z95 (CARDIAC/VASC IMPL/GRAFT),Z95,CARDIAC/VASC IMPL/GRAFT,Z959 (CARD/VAS IMP/GRFT UNP),Z959,CARD/VAS IMP/GRFT UNP
231,OTHERS,INJURIES TO THE ELBOW AND FOREARM,S52 (FRACTURE OF FOREARM),S52,FRACTURE OF FOREARM,S520 (FRAC OF UPP END OF ULNA),S520,FRAC OF UPP END OF ULNA
232,OTHERS,INJURIES TO THE HIP AND THIGH,S72 (FRACTURE OF FEMUR),S72,FRACTURE OF FEMUR,S721 (PERTROCHANTERIC FRACTURE),S721,PERTROCHANTERIC FRACTURE
233,OTHERS,OTHER,R55 (SYNCOPE AND COLLAPSE),R55,SYNCOPE AND COLLAPSE,R550 (SYNCOPE AND COLLAPSE),R550,SYNCOPE AND COLLAPSE
234,OTHERS,OTHER,R68 (OTH GEN SYM/SIGNS),R68,OTH GEN SYM/SIGNS,R688 (OTH SPEC GENL SYM/SIGNS),R688,OTH SPEC GENL SYM/SIGNS
235,OTHERS,OTHER,Z41 (PROCED NOT REMED HEALTH),Z41,PROCED NOT REMED HEALTH,Z418 (OTH PROC NOT TO REM HLTH),Z418,OTH PROC NOT TO REM HLTH
236,OTHERS,OTHER,Z49 (CARE INVOLVING DIALYSIS),Z49,CARE INVOLVING DIALYSIS,Z491 (EXTRACORPOREAL DIALYSIS),Z491,EXTRACORPOREAL DIALYSIS
237,OTHERS,OTHER,Z50 (CARE INVOL REHAB PROCED),Z50,CARE INVOL REHAB PROCED,Z502 (ALCOHOL REHABILITATION),Z502,ALCOHOL REHABILITATION
238,OTHERS,OTHER,Z51 (OTHER MEDICAL CARE),Z51,OTHER MEDICAL CARE,Z518 (OTH SPEC MEDICAL CARE),Z518,OTH SPEC MEDICAL CARE
239,OTHERS,OTHER,Z56 (PROB RLTD EMP/UNEMP),Z56,PROB RLTD EMP/UNEMP,Z560 (UNEMPLOYMENT UNSP),Z560,UNEMPLOYMENT UNSP
240,OTHERS,OTHER,Z71 (PER ENC OTH COUN/ADV NEC),Z71,PER ENC OTH COUN/ADV NEC,Z719 (COUNSELLING UNSPECIFIED),Z719,COUNSELLING UNSPECIFIED
241,OTHERS,OTHER,Z73 (PROB LFE MNGMNT DIFF),Z73,PROB LFE MNGMNT DIFF,Z733 (STRESS NEC),Z733,STRESS NEC
242,OTHERS,OTHER,Z74 (PROB REL CARE PROV DEP),Z74,PROB REL CARE PROV DEP,Z740 (REDUCED MOBILITY),Z740,REDUCED MOBILITY
243,OTHERS,OTHER,Z75 (PROB MED FAC/HLTH CARE),Z75,PROB MED FAC/HLTH CARE,Z753 (UNAVL/INACCESS HLTH FAC),Z753,UNAVL/INACCESS HLTH FAC
244,OTHERS,OTHER,Z76 (PER ENC HLTH SER OTH CIR),Z76,PER ENC HLTH SER OTH CIR,Z769 (PER ENC HLTH SERV UN CIR),Z769,PER ENC HLTH SERV UN CIR
245,OTHERS,OTHER,Z82 (F/H DISB/DIS CAUSE DISB),Z82,F/H DISB/DIS CAUSE DISB,Z823 (FAMILY HISTORY OF STROKE),Z823,FAMILY HISTORY OF STROKE
246,OTHERS,OTHER,Z82 (F/H DISB/DIS CAUSE DISB),Z82,F/H DISB/DIS CAUSE DISB,Z824 (F/H ISCH HRT/DIS CIR SYS),Z824,F/H ISCH HRT/DIS CIR SYS
247,OTHERS,OTHER,Z83 (F/H OTH SPEC DISORD),Z83,F/H OTH SPEC DISORD,Z833 (FAM HIST D.MELL),Z833,FAM HIST D.MELL
248,OTHERS,OTHER,Z87 (P/H OTH DIS/COND),Z87,P/H OTH DIS/COND,Z878 (PER HIS OTH SPEC CONDS),Z878,PER HIS OTH SPEC CONDS
249,OTHERS,OTHER,Z92 (P/H MED TREAT),Z92,P/H MED TREAT,Z922 (P/H LNG TERM OTH MED),Z922,P/H LNG TERM OTH MED
250,OTHERS,REPEAT PRESCRIPTION,Z76 (PER ENC HLTH SER OTH CIR),Z76,PER ENC HLTH SER OTH CIR,Z760 (ISSUE REP PRESCRIPT),Z760,ISSUE REP PRESCRIPT
251,RESPIRATORY,ASTHMA,J45 (ASTHMA),J45,ASTHMA,J459 (ASTHMA UNSPECIFIED),J459,ASTHMA UNSPECIFIED
252,RESPIRATORY,OTHER DISEASES OF THE RESPIRATORY SYSTEM,J96 (RESPIRATORY FAILURE NEC),J96,RESPIRATORY FAILURE NEC,J960 (AC RESP FAILURE),J960,AC RESP FAILURE
253,RESPIRATORY,OTHER DISEASES OF THE RESPIRATORY SYSTEM,J98 (OTH RESP DIS),J98,OTH RESP DIS,J981 (PULMONARY COLLAPSE),J981,PULMONARY COLLAPSE
254,RESPIRATORY,OTHER DISEASES OF THE RESPIRATORY SYSTEM,J98 (OTH RESP DIS),J98,OTH RESP DIS,J987 (RESPIRAT INFECTIONS NEC),J987,RESPIRAT INFECTIONS NEC
255,UNCLASSIFIED,UNCLASSIFIED,UNCLASSIFIED,UNCLASSIFIED,UNCLASSIFIED,UNCLASSIFIED,UNCLASSIFIED,UNCLASSIFIED
