portfolio_key,portfolio_name,atc4_raw,atc4_code,atc4_description,corporation_group,molecule_list,molecule_count,is_combo_molecule,has_sales,has_promo,has_finance,is_common_three_worlds
1,FORXIGA,A10P1 - SGLT2 INHIB A-DIAB PLAIN,A10P1,SGLT2 INHIB A-DIAB PLAIN,ASTRAZENECA,DAPAGLIFLOZIN,1,False,True,True,False,False
2,JARDIANCE,A10P1 - SGLT2 INHIB A-DIAB PLAIN,A10P1,SGLT2 INHIB A-DIAB PLAIN,BOEHRINGER INGEL,EMPAGLIFLOZIN,1,False,True,True,False,False
3,INVOKANA,A10P1 - SGLT2 INHIB A-DIAB PLAIN,A10P1,SGLT2 INHIB A-DIAB PLAIN,DIFARMED,CANAGLIFLOZIN,1,False,True,False,False,False
4,EDISTRIDE,A10P1 - SGLT2 INHIB A-DIAB PLAIN,A10P1,SGLT2 INHIB A-DIAB PLAIN,ESTEVE,DAPAGLIFLOZIN,1,False,True,True,False,False
5,INVOKANA,A10P1 - SGLT2 INHIB A-DIAB PLAIN,A10P1,SGLT2 INHIB A-DIAB PLAIN,JOHNSON & JOHNSON,CANAGLIFLOZIN,1,False,True,True,False,False
6,INVOKANA,A10P1 - SGLT2 INHIB A-DIAB PLAIN,A10P1,SGLT2 INHIB A-DIAB PLAIN,MELYFARMA,CANAGLIFLOZIN,1,False,True,False,False,False
7,INVOKANA,A10P1 - SGLT2 INHIB A-DIAB PLAIN,A10P1,SGLT2 INHIB A-DIAB PLAIN,MENARINI,CANAGLIFLOZIN,1,False,True,True,True,True
8,STEGLATRO,A10P1 - SGLT2 INHIB A-DIAB PLAIN,A10P1,SGLT2 INHIB A-DIAB PLAIN,MERCK & CO,ERTUGLIFLOZIN,1,False,True,True,False,False
9,XIGDUO,A10P3 - SGLT2 INH & BIGUAN COMBS,A10P3,SGLT2 INH & BIGUAN COMBS,ASTRAZENECA,DAPAGLIFLOZIN + METFORMIN,2,True,True,True,False,False
10,SYNJARDY,A10P3 - SGLT2 INH & BIGUAN COMBS,A10P3,SGLT2 INH & BIGUAN COMBS,BOEHRINGER INGEL,EMPAGLIFLOZIN + METFORMIN,2,True,True,True,False,False
11,EBYMECT,A10P3 - SGLT2 INH & BIGUAN COMBS,A10P3,SGLT2 INH & BIGUAN COMBS,ESTEVE,DAPAGLIFLOZIN + METFORMIN,2,True,True,True,False,False
12,VOKANAMET,A10P3 - SGLT2 INH & BIGUAN COMBS,A10P3,SGLT2 INH & BIGUAN COMBS,JOHNSON & JOHNSON,CANAGLIFLOZIN + METFORMIN,2,True,True,True,False,False
13,VOKANAMET,A10P3 - SGLT2 INH & BIGUAN COMBS,A10P3,SGLT2 INH & BIGUAN COMBS,MENARINI,CANAGLIFLOZIN + METFORMIN,2,True,True,True,True,True
14,SEGLUROMET,A10P3 - SGLT2 INH & BIGUAN COMBS,A10P3,SGLT2 INH & BIGUAN COMBS,MERCK & CO,ERTUGLIFLOZIN + METFORMIN,2,True,True,True,False,False
15,QTERN,A10P5 - SGLT2 INH&DPP-IV INH COM,A10P5,SGLT2 INH&DPP-IV INH COM,ASTRAZENECA,DAPAGLIFLOZIN + SAXAGLIPTIN,2,True,True,True,False,False
16,GLYXAMBI,A10P5 - SGLT2 INH&DPP-IV INH COM,A10P5,SGLT2 INH&DPP-IV INH COM,BOEHRINGER INGEL,EMPAGLIFLOZIN + LINAGLIPTIN,2,True,True,True,False,False
17,STEGLUJAN,A10P5 - SGLT2 INH&DPP-IV INH COM,A10P5,SGLT2 INH&DPP-IV INH COM,MERCK & CO,ERTUGLIFLOZIN + SITAGLIPTIN,2,True,True,True,False,False
18,BISOPROLOL/A.I.,"C07A0 - B-BLOCKING AGENTS,PLAIN",C07A0,"B-BLOCKING AGENTS,PLAIN",A.I.PRESCRIPTION,BISOPROLOL,1,False,False,True,False,False
19,CARVEDILOL/A.I.,"C07A0 - B-BLOCKING AGENTS,PLAIN",C07A0,"B-BLOCKING AGENTS,PLAIN",A.I.PRESCRIPTION,CARVEDILOL,1,False,False,True,False,False
20,PROPRANOLOL/A.I.,"C07A0 - B-BLOCKING AGENTS,PLAIN",C07A0,"B-BLOCKING AGENTS,PLAIN",A.I.PRESCRIPTION,PROPRANOLOL,1,False,False,True,False,False
21,SOTALOL/A.I.,"C07A0 - B-BLOCKING AGENTS,PLAIN",C07A0,"B-BLOCKING AGENTS,PLAIN",A.I.PRESCRIPTION,SOTALOL,1,False,False,True,False,False
22,ATENOLOLO ABC,"C07A0 - B-BLOCKING AGENTS,PLAIN",C07A0,"B-BLOCKING AGENTS,PLAIN",ABC,ATENOLOL,1,False,False,True,False,False
23,BLOKIUM,"C07A0 - B-BLOCKING AGENTS,PLAIN",C07A0,"B-BLOCKING AGENTS,PLAIN",ALMIRALL,ATENOLOL,1,False,False,True,False,False
24,ATENOLOL ALTER,"C07A0 - B-BLOCKING AGENTS,PLAIN",C07A0,"B-BLOCKING AGENTS,PLAIN",ALTER,ATENOLOL,1,False,False,True,False,False
25,BISOPROLOL ALTER,"C07A0 - B-BLOCKING AGENTS,PLAIN",C07A0,"B-BLOCKING AGENTS,PLAIN",ALTER,BISOPROLOL,1,False,False,True,False,False
26,BISOPROLOL COR ALT,"C07A0 - B-BLOCKING AGENTS,PLAIN",C07A0,"B-BLOCKING AGENTS,PLAIN",ALTER,BISOPROLOL,1,False,False,True,False,False
27,CARVEDILOL ALTER,"C07A0 - B-BLOCKING AGENTS,PLAIN",C07A0,"B-BLOCKING AGENTS,PLAIN",ALTER,CARVEDILOL,1,False,False,True,False,False
28,NEBIVOLOLO ATE,"C07A0 - B-BLOCKING AGENTS,PLAIN",C07A0,"B-BLOCKING AGENTS,PLAIN",ALTER,NEBIVOLOL,1,False,False,True,False,False
29,NEBIVOLOL APOTEX,"C07A0 - B-BLOCKING AGENTS,PLAIN",C07A0,"B-BLOCKING AGENTS,PLAIN",APOTEX,NEBIVOLOL,1,False,False,True,False,False
30,ATENOLOL ARISTO,"C07A0 - B-BLOCKING AGENTS,PLAIN",C07A0,"B-BLOCKING AGENTS,PLAIN",ARISTO PHARMA,ATENOLOL,1,False,False,True,False,False
31,ATENOLOLO ARI,"C07A0 - B-BLOCKING AGENTS,PLAIN",C07A0,"B-BLOCKING AGENTS,PLAIN",ARISTO PHARMA,ATENOLOL,1,False,False,True,False,False
32,BISOPROLOL COR ARI,"C07A0 - B-BLOCKING AGENTS,PLAIN",C07A0,"B-BLOCKING AGENTS,PLAIN",ARISTO PHARMA,BISOPROLOL,1,False,False,True,False,False
33,ATENOLOLO NDO,"C07A0 - B-BLOCKING AGENTS,PLAIN",C07A0,"B-BLOCKING AGENTS,PLAIN",AUROBINDO,ATENOLOL,1,False,False,True,False,False
34,BISOPROLOL AUROVIT,"C07A0 - B-BLOCKING AGENTS,PLAIN",C07A0,"B-BLOCKING AGENTS,PLAIN",AUROBINDO,BISOPROLOL,1,False,False,True,False,False
35,CARVEDILOL AUROVIT,"C07A0 - B-BLOCKING AGENTS,PLAIN",C07A0,"B-BLOCKING AGENTS,PLAIN",AUROBINDO,CARVEDILOL,1,False,False,True,False,False
36,CARVEDILOLO NDO,"C07A0 - B-BLOCKING AGENTS,PLAIN",C07A0,"B-BLOCKING AGENTS,PLAIN",AUROBINDO,CARVEDILOL,1,False,False,True,False,False
37,NEBIVOLOLO NDO,"C07A0 - B-BLOCKING AGENTS,PLAIN",C07A0,"B-BLOCKING AGENTS,PLAIN",AUROBINDO,NEBIVOLOL,1,False,False,True,False,False
38,NADOLOLO CHEPLA,"C07A0 - B-BLOCKING AGENTS,PLAIN",C07A0,"B-BLOCKING AGENTS,PLAIN",AVAS PHARMACEUTIC.,NADOLOL,1,False,False,True,False,False
39,SECTRAL,"C07A0 - B-BLOCKING AGENTS,PLAIN",C07A0,"B-BLOCKING AGENTS,PLAIN",AVAS PHARMACEUTIC.,ACEBUTOLOL,1,False,False,True,False,False
40,SOTALEX,"C07A0 - B-BLOCKING AGENTS,PLAIN",C07A0,"B-BLOCKING AGENTS,PLAIN",AVAS PHARMACEUTIC.,SOTALOL,1,False,False,True,False,False
41,BREVIBLOC,"C07A0 - B-BLOCKING AGENTS,PLAIN",C07A0,"B-BLOCKING AGENTS,PLAIN",BAXTER INT,ESMOLOL,1,False,False,True,False,False
42,NEBICUR,"C07A0 - B-BLOCKING AGENTS,PLAIN",C07A0,"B-BLOCKING AGENTS,PLAIN",BENNETT,NEBIVOLOL,1,False,False,True,False,False
43,LOPRESOR,"C07A0 - B-BLOCKING AGENTS,PLAIN",C07A0,"B-BLOCKING AGENTS,PLAIN",BRUNO FARMACEUTICI,METOPROLOL,1,False,False,True,False,False
44,DILATREND,"C07A0 - B-BLOCKING AGENTS,PLAIN",C07A0,"B-BLOCKING AGENTS,PLAIN",CHEPLAPHARM,CARVEDILOL,1,False,False,True,False,False
45,ATENOLOL CINFA,"C07A0 - B-BLOCKING AGENTS,PLAIN",C07A0,"B-BLOCKING AGENTS,PLAIN",CINFA,ATENOLOL,1,False,False,True,False,False
46,BISOPROLOL CINFA,"C07A0 - B-BLOCKING AGENTS,PLAIN",C07A0,"B-BLOCKING AGENTS,PLAIN",CINFA,BISOPROLOL,1,False,False,True,False,False
47,CARVEDILOL CINFA,"C07A0 - B-BLOCKING AGENTS,PLAIN",C07A0,"B-BLOCKING AGENTS,PLAIN",CINFA,CARVEDILOL,1,False,False,True,False,False
48,NEBIVOLOL CINFA,"C07A0 - B-BLOCKING AGENTS,PLAIN",C07A0,"B-BLOCKING AGENTS,PLAIN",CINFA,NEBIVOLOL,1,False,False,True,False,False
49,ATENOLOLO DOC,"C07A0 - B-BLOCKING AGENTS,PLAIN",C07A0,"B-BLOCKING AGENTS,PLAIN",DOC GENERICI,ATENOLOL,1,False,False,True,False,False
50,BISOPROLOLO DOC,"C07A0 - B-BLOCKING AGENTS,PLAIN",C07A0,"B-BLOCKING AGENTS,PLAIN",DOC GENERICI,BISOPROLOL,1,False,False,True,False,False
51,CARVEDILOLO DOC,"C07A0 - B-BLOCKING AGENTS,PLAIN",C07A0,"B-BLOCKING AGENTS,PLAIN",DOC GENERICI,CARVEDILOL,1,False,False,True,False,False
52,METOPROLOLO DOC,"C07A0 - B-BLOCKING AGENTS,PLAIN",C07A0,"B-BLOCKING AGENTS,PLAIN",DOC GENERICI,METOPROLOL,1,False,False,True,False,False
53,NEBIVOLOLO DOC,"C07A0 - B-BLOCKING AGENTS,PLAIN",C07A0,"B-BLOCKING AGENTS,PLAIN",DOC GENERICI,NEBIVOLOL,1,False,False,True,False,False
54,CONCOR,"C07A0 - B-BLOCKING AGENTS,PLAIN",C07A0,"B-BLOCKING AGENTS,PLAIN",DOMPE,BISOPROLOL,1,False,False,True,False,False
55,SEQUACOR,"C07A0 - B-BLOCKING AGENTS,PLAIN",C07A0,"B-BLOCKING AGENTS,PLAIN",DOMPE,BISOPROLOL,1,False,False,True,False,False
56,TENORMIN,"C07A0 - B-BLOCKING AGENTS,PLAIN",C07A0,"B-BLOCKING AGENTS,PLAIN",ECUPHARMA,ATENOLOL,1,False,False,True,False,False
57,CARVEPEN,"C07A0 - B-BLOCKING AGENTS,PLAIN",C07A0,"B-BLOCKING AGENTS,PLAIN",ELPEN,CARVEDILOL,1,False,False,True,False,False
58,ATENOL,"C07A0 - B-BLOCKING AGENTS,PLAIN",C07A0,"B-BLOCKING AGENTS,PLAIN",ERREKAPPA EUROTER.,ATENOLOL,1,False,False,True,False,False
59,LANDIOBLOC,"C07A0 - B-BLOCKING AGENTS,PLAIN",C07A0,"B-BLOCKING AGENTS,PLAIN",EUROMED,LANDIOLOL,1,False,False,True,False,False
60,NEOCARDON,"C07A0 - B-BLOCKING AGENTS,PLAIN",C07A0,"B-BLOCKING AGENTS,PLAIN",GAP,ATENOLOL,1,False,False,True,False,False
61,INSUCOR,"C07A0 - B-BLOCKING AGENTS,PLAIN",C07A0,"B-BLOCKING AGENTS,PLAIN",GLENMARK PHARM,NEBIVOLOL,1,False,False,True,False,False
62,BISOPROLOL TECNIGE,"C07A0 - B-BLOCKING AGENTS,PLAIN",C07A0,"B-BLOCKING AGENTS,PLAIN",GRUPO TECNIMEDE,BISOPROLOL,1,False,False,True,False,False
63,TRAKOR,"C07A0 - B-BLOCKING AGENTS,PLAIN",C07A0,"B-BLOCKING AGENTS,PLAIN",I.B.N. SAVIO,CARVEDILOL,1,False,False,True,False,False
64,NEBIVOLOLO ABC,"C07A0 - B-BLOCKING AGENTS,PLAIN",C07A0,"B-BLOCKING AGENTS,PLAIN",ICE,NEBIVOLOL,1,False,False,True,False,False
65,BIVOL,"C07A0 - B-BLOCKING AGENTS,PLAIN",C07A0,"B-BLOCKING AGENTS,PLAIN",INNOVIS,NEBIVOLOL,1,False,False,True,False,False
66,CARVEDILEN,"C07A0 - B-BLOCKING AGENTS,PLAIN",C07A0,"B-BLOCKING AGENTS,PLAIN",INNOVIS,CARVEDILOL,1,False,False,True,False,False
67,LOBIBETA,"C07A0 - B-BLOCKING AGENTS,PLAIN",C07A0,"B-BLOCKING AGENTS,PLAIN",INNOVIS,NEBIVOLOL,1,False,False,True,False,False
68,BISOPROLOLO ACC,"C07A0 - B-BLOCKING AGENTS,PLAIN",C07A0,"B-BLOCKING AGENTS,PLAIN",INTAS,BISOPROLOL,1,False,False,True,False,False
69,CARVEDILOLO ACC,"C07A0 - B-BLOCKING AGENTS,PLAIN",C07A0,"B-BLOCKING AGENTS,PLAIN",INTAS,CARVEDILOL,1,False,False,True,False,False
70,METOPROLOLO ACC,"C07A0 - B-BLOCKING AGENTS,PLAIN",C07A0,"B-BLOCKING AGENTS,PLAIN",INTAS,METOPROLOL,1,False,False,True,False,False
71,NEBIVOLOLO ACC,"C07A0 - B-BLOCKING AGENTS,PLAIN",C07A0,"B-BLOCKING AGENTS,PLAIN",INTAS,NEBIVOLOL,1,False,False,True,False,False
72,EURADAL,"C07A0 - B-BLOCKING AGENTS,PLAIN",C07A0,"B-BLOCKING AGENTS,PLAIN",ITALFARMACO,BISOPROLOL,1,False,False,True,False,False
73,DILATREND,"C07A0 - B-BLOCKING AGENTS,PLAIN",C07A0,"B-BLOCKING AGENTS,PLAIN",ITC FARMA,CARVEDILOL,1,False,False,True,False,False
74,TENSIBLOCK,"C07A0 - B-BLOCKING AGENTS,PLAIN",C07A0,"B-BLOCKING AGENTS,PLAIN",JAKINMED,ATENOLOL,1,False,False,True,False,False
75,BISOPROLOL KERN,"C07A0 - B-BLOCKING AGENTS,PLAIN",C07A0,"B-BLOCKING AGENTS,PLAIN",KERN PHARMA,BISOPROLOL,1,False,False,True,False,False
76,PROPRANOLOL KERN,"C07A0 - B-BLOCKING AGENTS,PLAIN",C07A0,"B-BLOCKING AGENTS,PLAIN",KERN PHARMA,PROPRANOLOL,1,False,False,True,False,False
77,TRANDATE,"C07A0 - B-BLOCKING AGENTS,PLAIN",C07A0,"B-BLOCKING AGENTS,PLAIN",KERN PHARMA,LABETALOL,1,False,False,True,False,False
78,BISOPROLOL KRKA,"C07A0 - B-BLOCKING AGENTS,PLAIN",C07A0,"B-BLOCKING AGENTS,PLAIN",KRKA,BISOPROLOL,1,False,False,True,False,False
79,BISOPROLOLO KRK,"C07A0 - B-BLOCKING AGENTS,PLAIN",C07A0,"B-BLOCKING AGENTS,PLAIN",KRKA,BISOPROLOL,1,False,False,True,False,False
80,METAZERO XR,"C07A0 - B-BLOCKING AGENTS,PLAIN",C07A0,"B-BLOCKING AGENTS,PLAIN",KRKA,METOPROLOL,1,False,False,True,False,False
81,NEBIVOLOLO KRK,"C07A0 - B-BLOCKING AGENTS,PLAIN",C07A0,"B-BLOCKING AGENTS,PLAIN",KRKA,NEBIVOLOL,1,False,False,True,False,False
82,KERLONE,"C07A0 - B-BLOCKING AGENTS,PLAIN",C07A0,"B-BLOCKING AGENTS,PLAIN",LAVIPHARM,BETAXOLOL,1,False,False,True,False,False
83,HYPOLOC,"C07A0 - B-BLOCKING AGENTS,PLAIN",C07A0,"B-BLOCKING AGENTS,PLAIN",MENARINI,NEBIVOLOL,1,False,False,True,False,False
84,LOBIVON,"C07A0 - B-BLOCKING AGENTS,PLAIN",C07A0,"B-BLOCKING AGENTS,PLAIN",MENARINI,NEBIVOLOL,1,False,False,True,False,False
85,NEBILOX,"C07A0 - B-BLOCKING AGENTS,PLAIN",C07A0,"B-BLOCKING AGENTS,PLAIN",MENARINI,NEBIVOLOL,1,False,False,True,False,False
86,NOBISTAR,"C07A0 - B-BLOCKING AGENTS,PLAIN",C07A0,"B-BLOCKING AGENTS,PLAIN",MENARINI,NEBIVOLOL,1,False,False,True,False,False
87,SILOSTAR,"C07A0 - B-BLOCKING AGENTS,PLAIN",C07A0,"B-BLOCKING AGENTS,PLAIN",MENARINI,NEBIVOLOL,1,False,False,True,False,False
88,CARDICOR,"C07A0 - B-BLOCKING AGENTS,PLAIN",C07A0,"B-BLOCKING AGENTS,PLAIN",MERCK KGAA,BISOPROLOL,1,False,False,True,False,False
89,CONCOR,"C07A0 - B-BLOCKING AGENTS,PLAIN",C07A0,"B-BLOCKING AGENTS,PLAIN",MERCK KGAA,BISOPROLOL,1,False,False,True,False,False
90,CONGESCOR,"C07A0 - B-BLOCKING AGENTS,PLAIN",C07A0,"B-BLOCKING AGENTS,PLAIN",MERCK KGAA,BISOPROLOL,1,False,False,True,False,False
91,EMCONCOR,"C07A0 - B-BLOCKING AGENTS,PLAIN",C07A0,"B-BLOCKING AGENTS,PLAIN",MERCK KGAA,BISOPROLOL,1,False,False,True,False,False
92,EMCONCOR COR,"C07A0 - B-BLOCKING AGENTS,PLAIN",C07A0,"B-BLOCKING AGENTS,PLAIN",MERCK KGAA,BISOPROLOL,1,False,False,True,False,False
93,OMERIA,"C07A0 - B-BLOCKING AGENTS,PLAIN",C07A0,"B-BLOCKING AGENTS,PLAIN",NEOPHARMED GENTILI,,1,False,False,True,False,False
94,ATENOLOL NORMON,"C07A0 - B-BLOCKING AGENTS,PLAIN",C07A0,"B-BLOCKING AGENTS,PLAIN",NORMON,ATENOLOL,1,False,False,True,False,False
95,BISOPROLOL NORMON,"C07A0 - B-BLOCKING AGENTS,PLAIN",C07A0,"B-BLOCKING AGENTS,PLAIN",NORMON,BISOPROLOL,1,False,False,True,False,False
96,CARVEDILOL NORMON,"C07A0 - B-BLOCKING AGENTS,PLAIN",C07A0,"B-BLOCKING AGENTS,PLAIN",NORMON,CARVEDILOL,1,False,False,True,False,False
97,NEBIVOLOL NORMON,"C07A0 - B-BLOCKING AGENTS,PLAIN",C07A0,"B-BLOCKING AGENTS,PLAIN",NORMON,NEBIVOLOL,1,False,False,True,False,False
98,INDERAL,"C07A0 - B-BLOCKING AGENTS,PLAIN",C07A0,"B-BLOCKING AGENTS,PLAIN",PHARMAIDEA,PROPRANOLOL,1,False,False,True,False,False
99,SUMIAL,"C07A0 - B-BLOCKING AGENTS,PLAIN",C07A0,"B-BLOCKING AGENTS,PLAIN",PHARMAIDEA,PROPRANOLOL,1,False,False,True,False,False
100,SUMIAL,"C07A0 - B-BLOCKING AGENTS,PLAIN",C07A0,"B-BLOCKING AGENTS,PLAIN",PHARMANOVIA,PROPRANOLOL,1,False,False,True,False,False
101,TENORMIN,"C07A0 - B-BLOCKING AGENTS,PLAIN",C07A0,"B-BLOCKING AGENTS,PLAIN",PHARMANOVIA,ATENOLOL,1,False,False,True,False,False
102,NOZAC,"C07A0 - B-BLOCKING AGENTS,PLAIN",C07A0,"B-BLOCKING AGENTS,PLAIN",PHARMAZAC,NEBIVOLOL,1,False,False,True,False,False
103,HEMANGIOL,"C07A0 - B-BLOCKING AGENTS,PLAIN",C07A0,"B-BLOCKING AGENTS,PLAIN",PIERRE FABRE,PROPRANOLOL,1,False,False,True,False,False
104,CARAVEL,"C07A0 - B-BLOCKING AGENTS,PLAIN",C07A0,"B-BLOCKING AGENTS,PLAIN",PROSPA,CARVEDILOL,1,False,False,True,False,False
105,ERVIDOL,"C07A0 - B-BLOCKING AGENTS,PLAIN",C07A0,"B-BLOCKING AGENTS,PLAIN",RAFARM,CARVEDILOL,1,False,False,True,False,False
106,BELOKEN,"C07A0 - B-BLOCKING AGENTS,PLAIN",C07A0,"B-BLOCKING AGENTS,PLAIN",RECORDATI,METOPROLOL,1,False,False,True,False,False
107,LOPRESOR,"C07A0 - B-BLOCKING AGENTS,PLAIN",C07A0,"B-BLOCKING AGENTS,PLAIN",RECORDATI,METOPROLOL,1,False,False,True,False,False
108,SELOKEN,"C07A0 - B-BLOCKING AGENTS,PLAIN",C07A0,"B-BLOCKING AGENTS,PLAIN",RECORDATI,METOPROLOL,1,False,False,True,False,False
109,COROPRES,"C07A0 - B-BLOCKING AGENTS,PLAIN",C07A0,"B-BLOCKING AGENTS,PLAIN",RUBIO,CARVEDILOL,1,False,False,True,False,False
110,SOTAPOR,"C07A0 - B-BLOCKING AGENTS,PLAIN",C07A0,"B-BLOCKING AGENTS,PLAIN",RUBIO,SOTALOL,1,False,False,True,False,False
111,COLVER,"C07A0 - B-BLOCKING AGENTS,PLAIN",C07A0,"B-BLOCKING AGENTS,PLAIN",S.F.GROUP,CARVEDILOL,1,False,False,True,False,False
112,CORDIAX,"C07A0 - B-BLOCKING AGENTS,PLAIN",C07A0,"B-BLOCKING AGENTS,PLAIN",S.F.GROUP,CELIPROLOL,1,False,False,True,False,False
113,LOCARD,"C07A0 - B-BLOCKING AGENTS,PLAIN",C07A0,"B-BLOCKING AGENTS,PLAIN",S.F.GROUP,CARVEDILOL,1,False,False,True,False,False
114,NEBICARD,"C07A0 - B-BLOCKING AGENTS,PLAIN",C07A0,"B-BLOCKING AGENTS,PLAIN",S.F.GROUP,NEBIVOLOL,1,False,False,True,False,False
115,TENOMAX,"C07A0 - B-BLOCKING AGENTS,PLAIN",C07A0,"B-BLOCKING AGENTS,PLAIN",S.F.GROUP,ATENOLOL,1,False,False,True,False,False
116,LABETALOLO SAL,"C07A0 - B-BLOCKING AGENTS,PLAIN",C07A0,"B-BLOCKING AGENTS,PLAIN",SALF,LABETALOL,1,False,False,True,False,False
117,ATENOLOL SANDOZ,"C07A0 - B-BLOCKING AGENTS,PLAIN",C07A0,"B-BLOCKING AGENTS,PLAIN",SANDOZ,ATENOLOL,1,False,False,True,False,False
118,BISOPROLOL COR SAN,"C07A0 - B-BLOCKING AGENTS,PLAIN",C07A0,"B-BLOCKING AGENTS,PLAIN",SANDOZ,BISOPROLOL,1,False,False,True,False,False
119,BISOPROLOL SANDOZ,"C07A0 - B-BLOCKING AGENTS,PLAIN",C07A0,"B-BLOCKING AGENTS,PLAIN",SANDOZ,BISOPROLOL,1,False,False,True,False,False
120,BISOPROLOLO SAN,"C07A0 - B-BLOCKING AGENTS,PLAIN",C07A0,"B-BLOCKING AGENTS,PLAIN",SANDOZ,BISOPROLOL,1,False,False,True,False,False
121,CARVEDILOL SANDOZ,"C07A0 - B-BLOCKING AGENTS,PLAIN",C07A0,"B-BLOCKING AGENTS,PLAIN",SANDOZ,CARVEDILOL,1,False,False,True,False,False
122,CARVEDILOLO HEX,"C07A0 - B-BLOCKING AGENTS,PLAIN",C07A0,"B-BLOCKING AGENTS,PLAIN",SANDOZ,CARVEDILOL,1,False,False,True,False,False
123,CARVEDILOLO SAN,"C07A0 - B-BLOCKING AGENTS,PLAIN",C07A0,"B-BLOCKING AGENTS,PLAIN",SANDOZ,CARVEDILOL,1,False,False,True,False,False
124,METOPROLOLO HEX,"C07A0 - B-BLOCKING AGENTS,PLAIN",C07A0,"B-BLOCKING AGENTS,PLAIN",SANDOZ,METOPROLOL,1,False,False,True,False,False
125,NEBIVOLOL SANDOZ,"C07A0 - B-BLOCKING AGENTS,PLAIN",C07A0,"B-BLOCKING AGENTS,PLAIN",SANDOZ,NEBIVOLOL,1,False,False,True,False,False
126,NEBIVOLOLO SAN,"C07A0 - B-BLOCKING AGENTS,PLAIN",C07A0,"B-BLOCKING AGENTS,PLAIN",SANDOZ,NEBIVOLOL,1,False,False,True,False,False
127,SOTALOLO HEX,"C07A0 - B-BLOCKING AGENTS,PLAIN",C07A0,"B-BLOCKING AGENTS,PLAIN",SANDOZ,SOTALOL,1,False,False,True,False,False
128,ACARDEN,"C07A0 - B-BLOCKING AGENTS,PLAIN",C07A0,"B-BLOCKING AGENTS,PLAIN",SO.SE.PHARM,CARVEDILOL,1,False,False,True,False,False
129,CURCIX,"C07A0 - B-BLOCKING AGENTS,PLAIN",C07A0,"B-BLOCKING AGENTS,PLAIN",SO.SE.PHARM,CARVEDILOL,1,False,False,True,False,False
130,NEBISCON,"C07A0 - B-BLOCKING AGENTS,PLAIN",C07A0,"B-BLOCKING AGENTS,PLAIN",SO.SE.PHARM,NEBIVOLOL,1,False,False,True,False,False
131,ATENOLOLO EG,"C07A0 - B-BLOCKING AGENTS,PLAIN",C07A0,"B-BLOCKING AGENTS,PLAIN",STADA,ATENOLOL,1,False,False,True,False,False
132,BISOPROLOL STADA,"C07A0 - B-BLOCKING AGENTS,PLAIN",C07A0,"B-BLOCKING AGENTS,PLAIN",STADA,BISOPROLOL,1,False,False,True,False,False
133,BISOPROLOLO EG,"C07A0 - B-BLOCKING AGENTS,PLAIN",C07A0,"B-BLOCKING AGENTS,PLAIN",STADA,BISOPROLOL,1,False,False,True,False,False
134,CARVEDILOLO EG,"C07A0 - B-BLOCKING AGENTS,PLAIN",C07A0,"B-BLOCKING AGENTS,PLAIN",STADA,CARVEDILOL,1,False,False,True,False,False
135,METOPROLOLO EG,"C07A0 - B-BLOCKING AGENTS,PLAIN",C07A0,"B-BLOCKING AGENTS,PLAIN",STADA,METOPROLOL,1,False,False,True,False,False
136,NEBIVOLOLO EG,"C07A0 - B-BLOCKING AGENTS,PLAIN",C07A0,"B-BLOCKING AGENTS,PLAIN",STADA,NEBIVOLOL,1,False,False,True,False,False
137,ATENOLOL MUNDOGEN,"C07A0 - B-BLOCKING AGENTS,PLAIN",C07A0,"B-BLOCKING AGENTS,PLAIN",SUN PHARMA,ATENOLOL,1,False,False,True,False,False
138,SELES BETA,"C07A0 - B-BLOCKING AGENTS,PLAIN",C07A0,"B-BLOCKING AGENTS,PLAIN",TEOFARMA,ATENOLOL,1,False,False,True,False,False
139,TRANDATE,"C07A0 - B-BLOCKING AGENTS,PLAIN",C07A0,"B-BLOCKING AGENTS,PLAIN",TEOFARMA,LABETALOL,1,False,False,True,False,False
140,ATENOLOL RATIO,"C07A0 - B-BLOCKING AGENTS,PLAIN",C07A0,"B-BLOCKING AGENTS,PLAIN",TEVA,ATENOLOL,1,False,False,True,False,False
141,ATENOLOLO RAT,"C07A0 - B-BLOCKING AGENTS,PLAIN",C07A0,"B-BLOCKING AGENTS,PLAIN",TEVA,ATENOLOL,1,False,False,True,False,False
142,BISOPROLOL RATIO,"C07A0 - B-BLOCKING AGENTS,PLAIN",C07A0,"B-BLOCKING AGENTS,PLAIN",TEVA,BISOPROLOL,1,False,False,True,False,False
143,BISOPROLOL TEVA,"C07A0 - B-BLOCKING AGENTS,PLAIN",C07A0,"B-BLOCKING AGENTS,PLAIN",TEVA,BISOPROLOL,1,False,False,True,False,False
144,BISOPROLOLO TEV,"C07A0 - B-BLOCKING AGENTS,PLAIN",C07A0,"B-BLOCKING AGENTS,PLAIN",TEVA,BISOPROLOL,1,False,False,True,False,False
145,CARVEDILOL RATIO,"C07A0 - B-BLOCKING AGENTS,PLAIN",C07A0,"B-BLOCKING AGENTS,PLAIN",TEVA,CARVEDILOL,1,False,False,True,False,False
146,CARVEDILOL TEVA,"C07A0 - B-BLOCKING AGENTS,PLAIN",C07A0,"B-BLOCKING AGENTS,PLAIN",TEVA,CARVEDILOL,1,False,False,True,False,False
147,CARVEDILOLO RAT,"C07A0 - B-BLOCKING AGENTS,PLAIN",C07A0,"B-BLOCKING AGENTS,PLAIN",TEVA,CARVEDILOL,1,False,False,True,False,False
148,NEBIVOLOLO TEV,"C07A0 - B-BLOCKING AGENTS,PLAIN",C07A0,"B-BLOCKING AGENTS,PLAIN",TEVA,NEBIVOLOL,1,False,False,True,False,False
149,SOTALOLO TEV,"C07A0 - B-BLOCKING AGENTS,PLAIN",C07A0,"B-BLOCKING AGENTS,PLAIN",TEVA,SOTALOL,1,False,False,True,False,False
150,ATENOLOLO PNS,"C07A0 - B-BLOCKING AGENTS,PLAIN",C07A0,"B-BLOCKING AGENTS,PLAIN",TOWA PHARMA,ATENOLOL,1,False,False,True,False,False
151,BISOPROLOL PENSA,"C07A0 - B-BLOCKING AGENTS,PLAIN",C07A0,"B-BLOCKING AGENTS,PLAIN",TOWA PHARMA,BISOPROLOL,1,False,False,True,False,False
152,BISOPROLOLO PNS,"C07A0 - B-BLOCKING AGENTS,PLAIN",C07A0,"B-BLOCKING AGENTS,PLAIN",TOWA PHARMA,BISOPROLOL,1,False,False,True,False,False
153,BLOCATENS,"C07A0 - B-BLOCKING AGENTS,PLAIN",C07A0,"B-BLOCKING AGENTS,PLAIN",UNI-PHARMA,BISOPROLOL,1,False,False,True,False,False
154,THERACOR,"C07A0 - B-BLOCKING AGENTS,PLAIN",C07A0,"B-BLOCKING AGENTS,PLAIN",UNI-PHARMA,BISOPROLOL,1,False,False,True,False,False
155,BISOPROLOL COR VIA,"C07A0 - B-BLOCKING AGENTS,PLAIN",C07A0,"B-BLOCKING AGENTS,PLAIN",VIATRIS,BISOPROLOL,1,False,False,True,False,False
156,BISOPROLOL VIATRIS,"C07A0 - B-BLOCKING AGENTS,PLAIN",C07A0,"B-BLOCKING AGENTS,PLAIN",VIATRIS,BISOPROLOL,1,False,False,True,False,False
157,BISOPROLOLO MGI,"C07A0 - B-BLOCKING AGENTS,PLAIN",C07A0,"B-BLOCKING AGENTS,PLAIN",VIATRIS,BISOPROLOL,1,False,False,True,False,False
158,CARVEDILOL GENERIC,"C07A0 - B-BLOCKING AGENTS,PLAIN",C07A0,"B-BLOCKING AGENTS,PLAIN",VIATRIS,CARVEDILOL,1,False,False,True,False,False
159,CARVEDILOL/MYLAN,"C07A0 - B-BLOCKING AGENTS,PLAIN",C07A0,"B-BLOCKING AGENTS,PLAIN",VIATRIS,CARVEDILOL,1,False,False,True,False,False
160,CARVEDILOLO MGI,"C07A0 - B-BLOCKING AGENTS,PLAIN",C07A0,"B-BLOCKING AGENTS,PLAIN",VIATRIS,CARVEDILOL,1,False,False,True,False,False
161,NEBIVOLOLO MGI,"C07A0 - B-BLOCKING AGENTS,PLAIN",C07A0,"B-BLOCKING AGENTS,PLAIN",VIATRIS,NEBIVOLOL,1,False,False,True,False,False
162,RYTMOBETA,"C07A0 - B-BLOCKING AGENTS,PLAIN",C07A0,"B-BLOCKING AGENTS,PLAIN",VIATRIS,SOTALOL,1,False,False,True,False,False
163,SOTALOL/GENERICS,"C07A0 - B-BLOCKING AGENTS,PLAIN",C07A0,"B-BLOCKING AGENTS,PLAIN",VIATRIS,SOTALOL,1,False,False,True,False,False
164,SOTALOL/MYLAN,"C07A0 - B-BLOCKING AGENTS,PLAIN",C07A0,"B-BLOCKING AGENTS,PLAIN",VIATRIS,SOTALOL,1,False,False,True,False,False
165,CARVIPRESS,"C07A0 - B-BLOCKING AGENTS,PLAIN",C07A0,"B-BLOCKING AGENTS,PLAIN",VISUFARMA,CARVEDILOL,1,False,False,True,False,False
166,BISOPROLOLO ALM,"C07A0 - B-BLOCKING AGENTS,PLAIN",C07A0,"B-BLOCKING AGENTS,PLAIN",WALGREENS BOOTS AL,BISOPROLOL,1,False,False,True,False,False
167,CARVEDILOLO ALM,"C07A0 - B-BLOCKING AGENTS,PLAIN",C07A0,"B-BLOCKING AGENTS,PLAIN",WALGREENS BOOTS AL,CARVEDILOL,1,False,False,True,False,False
168,BISOPROLOLO ZEN,"C07A0 - B-BLOCKING AGENTS,PLAIN",C07A0,"B-BLOCKING AGENTS,PLAIN",ZENTIVA,BISOPROLOL,1,False,False,True,False,False
169,CARVEDILOL COMBIX,"C07A0 - B-BLOCKING AGENTS,PLAIN",C07A0,"B-BLOCKING AGENTS,PLAIN",ZYDUS LIFESCIENCES,CARVEDILOL,1,False,False,True,False,False
170,ATENOLOLO ABC,"C7A0 - B-BLOCKING AGENTS,PLAIN",C7A0,"B-BLOCKING AGENTS,PLAIN",ABC,ATENOLOL,1,False,True,False,False,False
171,NEBIVOLOLO ABC,"C7A0 - B-BLOCKING AGENTS,PLAIN",C7A0,"B-BLOCKING AGENTS,PLAIN",ABC,NEBIVOLOL,1,False,True,False,False,False
172,ESMOCARD,"C7A0 - B-BLOCKING AGENTS,PLAIN",C7A0,"B-BLOCKING AGENTS,PLAIN",ADVANZ PHARMA,ESMOLOL,1,False,True,False,False,False
173,BLOKIUM,"C7A0 - B-BLOCKING AGENTS,PLAIN",C7A0,"B-BLOCKING AGENTS,PLAIN",ALMIRALL,ATENOLOL,1,False,True,False,False,False
174,ATENOLOL ALTER,"C7A0 - B-BLOCKING AGENTS,PLAIN",C7A0,"B-BLOCKING AGENTS,PLAIN",ALTER,ATENOLOL,1,False,True,False,False,False
175,BISOPROLOL COR ALT,"C7A0 - B-BLOCKING AGENTS,PLAIN",C7A0,"B-BLOCKING AGENTS,PLAIN",ALTER,BISOPROLOL,1,False,True,False,False,False
176,CARVEDILOL ALTER,"C7A0 - B-BLOCKING AGENTS,PLAIN",C7A0,"B-BLOCKING AGENTS,PLAIN",ALTER,CARVEDILOL,1,False,True,False,False,False
177,CARVEDILOLO ATE,"C7A0 - B-BLOCKING AGENTS,PLAIN",C7A0,"B-BLOCKING AGENTS,PLAIN",ALTER,CARVEDILOL,1,False,True,False,False,False
178,NEBIVOLOLO ATE,"C7A0 - B-BLOCKING AGENTS,PLAIN",C7A0,"B-BLOCKING AGENTS,PLAIN",ALTER,NEBIVOLOL,1,False,True,False,False,False
179,NORMOTRIDE,"C7A0 - B-BLOCKING AGENTS,PLAIN",C7A0,"B-BLOCKING AGENTS,PLAIN",ARAFARMA,CARVEDILOL,1,False,True,False,False,False
180,ATENOLOL ARISTO,"C7A0 - B-BLOCKING AGENTS,PLAIN",C7A0,"B-BLOCKING AGENTS,PLAIN",ARISTO PHARMA,ATENOLOL,1,False,True,False,False,False
181,ATENOLOLO ARI,"C7A0 - B-BLOCKING AGENTS,PLAIN",C7A0,"B-BLOCKING AGENTS,PLAIN",ARISTO PHARMA,ATENOLOL,1,False,True,False,False,False
182,BISOPROLOL COR ARI,"C7A0 - B-BLOCKING AGENTS,PLAIN",C7A0,"B-BLOCKING AGENTS,PLAIN",ARISTO PHARMA,BISOPROLOL,1,False,True,False,False,False
183,CARVEDILOL ARISTO,"C7A0 - B-BLOCKING AGENTS,PLAIN",C7A0,"B-BLOCKING AGENTS,PLAIN",ARISTO PHARMA,CARVEDILOL,1,False,True,False,False,False
184,NEBIVOLOL EDIGEN,"C7A0 - B-BLOCKING AGENTS,PLAIN",C7A0,"B-BLOCKING AGENTS,PLAIN",ARISTO PHARMA,NEBIVOLOL,1,False,True,False,False,False
185,ATENOLOL AUROVITAS,"C7A0 - B-BLOCKING AGENTS,PLAIN",C7A0,"B-BLOCKING AGENTS,PLAIN",AUROBINDO,ATENOLOL,1,False,True,False,False,False
186,ATENOLOLO NDO,"C7A0 - B-BLOCKING AGENTS,PLAIN",C7A0,"B-BLOCKING AGENTS,PLAIN",AUROBINDO,ATENOLOL,1,False,True,False,False,False
187,BISOPROLOL AUROVIT,"C7A0 - B-BLOCKING AGENTS,PLAIN",C7A0,"B-BLOCKING AGENTS,PLAIN",AUROBINDO,BISOPROLOL,1,False,True,False,False,False
188,BISOPROLOLO NDO,"C7A0 - B-BLOCKING AGENTS,PLAIN",C7A0,"B-BLOCKING AGENTS,PLAIN",AUROBINDO,BISOPROLOL,1,False,True,False,False,False
189,CARVEDILOL AUROVIT,"C7A0 - B-BLOCKING AGENTS,PLAIN",C7A0,"B-BLOCKING AGENTS,PLAIN",AUROBINDO,CARVEDILOL,1,False,True,False,False,False
190,CARVEDILOLO ACV,"C7A0 - B-BLOCKING AGENTS,PLAIN",C7A0,"B-BLOCKING AGENTS,PLAIN",AUROBINDO,CARVEDILOL,1,False,True,False,False,False
191,CARVEDILOLO NDO,"C7A0 - B-BLOCKING AGENTS,PLAIN",C7A0,"B-BLOCKING AGENTS,PLAIN",AUROBINDO,CARVEDILOL,1,False,True,False,False,False
192,METOPROLOL AUROVIT,"C7A0 - B-BLOCKING AGENTS,PLAIN",C7A0,"B-BLOCKING AGENTS,PLAIN",AUROBINDO,METOPROLOL,1,False,True,False,False,False
193,METOPROLOLO NDO,"C7A0 - B-BLOCKING AGENTS,PLAIN",C7A0,"B-BLOCKING AGENTS,PLAIN",AUROBINDO,METOPROLOL,1,False,True,False,False,False
194,NEBIVOLOL AUROVITA,"C7A0 - B-BLOCKING AGENTS,PLAIN",C7A0,"B-BLOCKING AGENTS,PLAIN",AUROBINDO,NEBIVOLOL,1,False,True,False,False,False
195,NEBIVOLOLO NDO,"C7A0 - B-BLOCKING AGENTS,PLAIN",C7A0,"B-BLOCKING AGENTS,PLAIN",AUROBINDO,NEBIVOLOL,1,False,True,False,False,False
196,PROPRANOLOL AUROVI,"C7A0 - B-BLOCKING AGENTS,PLAIN",C7A0,"B-BLOCKING AGENTS,PLAIN",AUROBINDO,PROPRANOLOL,1,False,True,False,False,False
197,KERLON,"C7A0 - B-BLOCKING AGENTS,PLAIN",C7A0,"B-BLOCKING AGENTS,PLAIN",AVAS PHARMACEUTIC.,BETAXOLOL,1,False,True,False,False,False
198,NADOLOLO CHEPLA,"C7A0 - B-BLOCKING AGENTS,PLAIN",C7A0,"B-BLOCKING AGENTS,PLAIN",AVAS PHARMACEUTIC.,NADOLOL,1,False,True,False,False,False
199,SECTRAL,"C7A0 - B-BLOCKING AGENTS,PLAIN",C7A0,"B-BLOCKING AGENTS,PLAIN",AVAS PHARMACEUTIC.,ACEBUTOLOL,1,False,True,False,False,False
200,SOTALEX,"C7A0 - B-BLOCKING AGENTS,PLAIN",C7A0,"B-BLOCKING AGENTS,PLAIN",AVAS PHARMACEUTIC.,SOTALOL,1,False,True,False,False,False
201,BREVIBLOC,"C7A0 - B-BLOCKING AGENTS,PLAIN",C7A0,"B-BLOCKING AGENTS,PLAIN",BAXTER INT,ESMOLOL,1,False,True,False,False,False
202,CONGESCOR,"C7A0 - B-BLOCKING AGENTS,PLAIN",C7A0,"B-BLOCKING AGENTS,PLAIN",BBFARMA,BISOPROLOL,1,False,True,False,False,False
203,NEBICUR,"C7A0 - B-BLOCKING AGENTS,PLAIN",C7A0,"B-BLOCKING AGENTS,PLAIN",BENNETT,NEBIVOLOL,1,False,True,False,False,False
204,BISOPROLOL BLUEFIS,"C7A0 - B-BLOCKING AGENTS,PLAIN",C7A0,"B-BLOCKING AGENTS,PLAIN",BLUEFISH,BISOPROLOL,1,False,True,False,False,False
205,LOPRESOR,"C7A0 - B-BLOCKING AGENTS,PLAIN",C7A0,"B-BLOCKING AGENTS,PLAIN",BRUNO FARMACEUTICI,METOPROLOL,1,False,True,False,False,False
206,DILATREND,"C7A0 - B-BLOCKING AGENTS,PLAIN",C7A0,"B-BLOCKING AGENTS,PLAIN",CHEPLAPHARM,CARVEDILOL,1,False,True,False,False,False
207,ATENOLOL CINFA,"C7A0 - B-BLOCKING AGENTS,PLAIN",C7A0,"B-BLOCKING AGENTS,PLAIN",CINFA,ATENOLOL,1,False,True,False,False,False
208,BISOPROLOL CINFA,"C7A0 - B-BLOCKING AGENTS,PLAIN",C7A0,"B-BLOCKING AGENTS,PLAIN",CINFA,BISOPROLOL,1,False,True,False,False,False
209,CARVEDILOL CINFA,"C7A0 - B-BLOCKING AGENTS,PLAIN",C7A0,"B-BLOCKING AGENTS,PLAIN",CINFA,CARVEDILOL,1,False,True,False,False,False
210,CARVEDILOL CINFAME,"C7A0 - B-BLOCKING AGENTS,PLAIN",C7A0,"B-BLOCKING AGENTS,PLAIN",CINFA,CARVEDILOL,1,False,True,False,False,False
211,NEBIVOLOL CINFA,"C7A0 - B-BLOCKING AGENTS,PLAIN",C7A0,"B-BLOCKING AGENTS,PLAIN",CINFA,NEBIVOLOL,1,False,True,False,False,False
212,BLOCADREN,"C7A0 - B-BLOCKING AGENTS,PLAIN",C7A0,"B-BLOCKING AGENTS,PLAIN",DESMA PHARMA,TIMOLOL,1,False,True,False,False,False
213,LOBIVON,"C7A0 - B-BLOCKING AGENTS,PLAIN",C7A0,"B-BLOCKING AGENTS,PLAIN",DIFARMED,NEBIVOLOL,1,False,True,False,False,False
214,ATENOLOLO DOC,"C7A0 - B-BLOCKING AGENTS,PLAIN",C7A0,"B-BLOCKING AGENTS,PLAIN",DOC GENERICI,ATENOLOL,1,False,True,False,False,False
215,BISOPROLOLO DOC,"C7A0 - B-BLOCKING AGENTS,PLAIN",C7A0,"B-BLOCKING AGENTS,PLAIN",DOC GENERICI,BISOPROLOL,1,False,True,False,False,False
216,CARVEDILOLO DOC,"C7A0 - B-BLOCKING AGENTS,PLAIN",C7A0,"B-BLOCKING AGENTS,PLAIN",DOC GENERICI,CARVEDILOL,1,False,True,False,False,False
217,METOPROLOLO DOC,"C7A0 - B-BLOCKING AGENTS,PLAIN",C7A0,"B-BLOCKING AGENTS,PLAIN",DOC GENERICI,METOPROLOL,1,False,True,False,False,False
218,NEBIVOLOLO DOC,"C7A0 - B-BLOCKING AGENTS,PLAIN",C7A0,"B-BLOCKING AGENTS,PLAIN",DOC GENERICI,NEBIVOLOL,1,False,True,False,False,False
219,CONCOR,"C7A0 - B-BLOCKING AGENTS,PLAIN",C7A0,"B-BLOCKING AGENTS,PLAIN",DOMPE,BISOPROLOL,1,False,True,False,False,False
220,SEQUACOR,"C7A0 - B-BLOCKING AGENTS,PLAIN",C7A0,"B-BLOCKING AGENTS,PLAIN",DOMPE,BISOPROLOL,1,False,True,False,False,False
221,LOBIVON,"C7A0 - B-BLOCKING AGENTS,PLAIN",C7A0,"B-BLOCKING AGENTS,PLAIN",ECOFAR,NEBIVOLOL,1,False,True,False,False,False
222,TENORMIN,"C7A0 - B-BLOCKING AGENTS,PLAIN",C7A0,"B-BLOCKING AGENTS,PLAIN",ECUPHARMA,ATENOLOL,1,False,True,False,False,False
223,LOBIVON,"C7A0 - B-BLOCKING AGENTS,PLAIN",C7A0,"B-BLOCKING AGENTS,PLAIN",ELAM PHARMA,NEBIVOLOL,1,False,True,False,False,False
224,CARVEPEN,"C7A0 - B-BLOCKING AGENTS,PLAIN",C7A0,"B-BLOCKING AGENTS,PLAIN",ELPEN,CARVEDILOL,1,False,True,False,False,False
225,ATENOL,"C7A0 - B-BLOCKING AGENTS,PLAIN",C7A0,"B-BLOCKING AGENTS,PLAIN",ERREKAPPA EUROTER.,ATENOLOL,1,False,True,False,False,False
226,LANDIOBLOC,"C7A0 - B-BLOCKING AGENTS,PLAIN",C7A0,"B-BLOCKING AGENTS,PLAIN",EUROMED,LANDIOLOL,1,False,True,False,False,False
227,CARDICOR,"C7A0 - B-BLOCKING AGENTS,PLAIN",C7A0,"B-BLOCKING AGENTS,PLAIN",FARMA 1000,BISOPROLOL,1,False,True,False,False,False
228,CONGESCOR,"C7A0 - B-BLOCKING AGENTS,PLAIN",C7A0,"B-BLOCKING AGENTS,PLAIN",FARMA 1000,BISOPROLOL,1,False,True,False,False,False
229,LOBIVON,"C7A0 - B-BLOCKING AGENTS,PLAIN",C7A0,"B-BLOCKING AGENTS,PLAIN",FARMA 1000,NEBIVOLOL,1,False,True,False,False,False
230,CONGESCOR,"C7A0 - B-BLOCKING AGENTS,PLAIN",C7A0,"B-BLOCKING AGENTS,PLAIN",FARMAROC,BISOPROLOL,1,False,True,False,False,False
231,CONGESCOR,"C7A0 - B-BLOCKING AGENTS,PLAIN",C7A0,"B-BLOCKING AGENTS,PLAIN",FARMAVOX,BISOPROLOL,1,False,True,False,False,False
232,CONGESCOR,"C7A0 - B-BLOCKING AGENTS,PLAIN",C7A0,"B-BLOCKING AGENTS,PLAIN",FARMED,BISOPROLOL,1,False,True,False,False,False
233,NEOCARDON,"C7A0 - B-BLOCKING AGENTS,PLAIN",C7A0,"B-BLOCKING AGENTS,PLAIN",GAP,ATENOLOL,1,False,True,False,False,False
234,CONGESCOR,"C7A0 - B-BLOCKING AGENTS,PLAIN",C7A0,"B-BLOCKING AGENTS,PLAIN",GEKOFAR,BISOPROLOL,1,False,True,False,False,False
235,CONGESCOR,"C7A0 - B-BLOCKING AGENTS,PLAIN",C7A0,"B-BLOCKING AGENTS,PLAIN",GENERAL PHAR SOL,BISOPROLOL,1,False,True,False,False,False
236,LOBIVON,"C7A0 - B-BLOCKING AGENTS,PLAIN",C7A0,"B-BLOCKING AGENTS,PLAIN",GENERAL PHAR SOL,NEBIVOLOL,1,False,True,False,False,False
237,INSUCOR,"C7A0 - B-BLOCKING AGENTS,PLAIN",C7A0,"B-BLOCKING AGENTS,PLAIN",GLENMARK PHARM,NEBIVOLOL,1,False,True,False,False,False
238,NEBIVOLOL VISO,"C7A0 - B-BLOCKING AGENTS,PLAIN",C7A0,"B-BLOCKING AGENTS,PLAIN",GLENMARK PHARM,NEBIVOLOL,1,False,True,False,False,False
239,CARDICOR,"C7A0 - B-BLOCKING AGENTS,PLAIN",C7A0,"B-BLOCKING AGENTS,PLAIN",GMM FARMA,BISOPROLOL,1,False,True,False,False,False
240,CONGESCOR,"C7A0 - B-BLOCKING AGENTS,PLAIN",C7A0,"B-BLOCKING AGENTS,PLAIN",GMM FARMA,BISOPROLOL,1,False,True,False,False,False
241,BISOPROLOL TECNIGE,"C7A0 - B-BLOCKING AGENTS,PLAIN",C7A0,"B-BLOCKING AGENTS,PLAIN",GRUPO TECNIMEDE,BISOPROLOL,1,False,True,False,False,False
242,BISOPROLOLO TCG,"C7A0 - B-BLOCKING AGENTS,PLAIN",C7A0,"B-BLOCKING AGENTS,PLAIN",GRUPO TECNIMEDE,BISOPROLOL,1,False,True,False,False,False
243,CARVEDILOL TECNIGE,"C7A0 - B-BLOCKING AGENTS,PLAIN",C7A0,"B-BLOCKING AGENTS,PLAIN",GRUPO TECNIMEDE,CARVEDILOL,1,False,True,False,False,False
244,CARVEDILOLO TCG,"C7A0 - B-BLOCKING AGENTS,PLAIN",C7A0,"B-BLOCKING AGENTS,PLAIN",GRUPO TECNIMEDE,CARVEDILOL,1,False,True,False,False,False
245,NEBIVOLOLO RED,"C7A0 - B-BLOCKING AGENTS,PLAIN",C7A0,"B-BLOCKING AGENTS,PLAIN",GRUPO TECNIMEDE,NEBIVOLOL,1,False,True,False,False,False
246,NEBIVOLOL TARBIS,"C7A0 - B-BLOCKING AGENTS,PLAIN",C7A0,"B-BLOCKING AGENTS,PLAIN",HETERO,NEBIVOLOL,1,False,True,False,False,False
247,PROPRANOLOL TARBIS,"C7A0 - B-BLOCKING AGENTS,PLAIN",C7A0,"B-BLOCKING AGENTS,PLAIN",HETERO,PROPRANOLOL,1,False,True,False,False,False
248,ESMOLOLO HIK,"C7A0 - B-BLOCKING AGENTS,PLAIN",C7A0,"B-BLOCKING AGENTS,PLAIN",HIKMA PHARMA,ESMOLOL,1,False,True,False,False,False
249,TRAKOR,"C7A0 - B-BLOCKING AGENTS,PLAIN",C7A0,"B-BLOCKING AGENTS,PLAIN",I.B.N. SAVIO,CARVEDILOL,1,False,True,False,False,False
250,TRANDATE/IFET,"C7A0 - B-BLOCKING AGENTS,PLAIN",C7A0,"B-BLOCKING AGENTS,PLAIN",IFET,LABETALOL,1,False,True,False,False,False
251,BIVOL,"C7A0 - B-BLOCKING AGENTS,PLAIN",C7A0,"B-BLOCKING AGENTS,PLAIN",INNOVIS,NEBIVOLOL,1,False,True,False,False,False
252,CARVEDILEN,"C7A0 - B-BLOCKING AGENTS,PLAIN",C7A0,"B-BLOCKING AGENTS,PLAIN",INNOVIS,CARVEDILOL,1,False,True,False,False,False
253,LOBIBETA,"C7A0 - B-BLOCKING AGENTS,PLAIN",C7A0,"B-BLOCKING AGENTS,PLAIN",INNOVIS,NEBIVOLOL,1,False,True,False,False,False
254,ATENOLOLO ACC,"C7A0 - B-BLOCKING AGENTS,PLAIN",C7A0,"B-BLOCKING AGENTS,PLAIN",INTAS,ATENOLOL,1,False,True,False,False,False
255,BISOPROLOLO ACC,"C7A0 - B-BLOCKING AGENTS,PLAIN",C7A0,"B-BLOCKING AGENTS,PLAIN",INTAS,BISOPROLOL,1,False,True,False,False,False
256,METOPROLOLO ACC,"C7A0 - B-BLOCKING AGENTS,PLAIN",C7A0,"B-BLOCKING AGENTS,PLAIN",INTAS,METOPROLOL,1,False,True,False,False,False
257,NEBIVOLOLO ACC,"C7A0 - B-BLOCKING AGENTS,PLAIN",C7A0,"B-BLOCKING AGENTS,PLAIN",INTAS,NEBIVOLOL,1,False,True,False,False,False
258,PROPRANOLOL ACCORD,"C7A0 - B-BLOCKING AGENTS,PLAIN",C7A0,"B-BLOCKING AGENTS,PLAIN",INTAS,PROPRANOLOL,1,False,True,False,False,False
259,EURADAL,"C7A0 - B-BLOCKING AGENTS,PLAIN",C7A0,"B-BLOCKING AGENTS,PLAIN",ITALFARMACO,BISOPROLOL,1,False,True,False,False,False
260,DILATREND,"C7A0 - B-BLOCKING AGENTS,PLAIN",C7A0,"B-BLOCKING AGENTS,PLAIN",ITC FARMA,CARVEDILOL,1,False,True,False,False,False
261,TENSIBLOCK,"C7A0 - B-BLOCKING AGENTS,PLAIN",C7A0,"B-BLOCKING AGENTS,PLAIN",JAKINMED,ATENOLOL,1,False,True,False,False,False
262,BISOPROLOL KERN,"C7A0 - B-BLOCKING AGENTS,PLAIN",C7A0,"B-BLOCKING AGENTS,PLAIN",KERN PHARMA,BISOPROLOL,1,False,True,False,False,False
263,CARVEDILOL KERN,"C7A0 - B-BLOCKING AGENTS,PLAIN",C7A0,"B-BLOCKING AGENTS,PLAIN",KERN PHARMA,CARVEDILOL,1,False,True,False,False,False
264,NEBIVOLOL KERN PH,"C7A0 - B-BLOCKING AGENTS,PLAIN",C7A0,"B-BLOCKING AGENTS,PLAIN",KERN PHARMA,NEBIVOLOL,1,False,True,False,False,False
265,PROPRANOLOL KERN,"C7A0 - B-BLOCKING AGENTS,PLAIN",C7A0,"B-BLOCKING AGENTS,PLAIN",KERN PHARMA,PROPRANOLOL,1,False,True,False,False,False
266,TRANDATE,"C7A0 - B-BLOCKING AGENTS,PLAIN",C7A0,"B-BLOCKING AGENTS,PLAIN",KERN PHARMA,LABETALOL,1,False,True,False,False,False
267,BISOPROLOL KRKA,"C7A0 - B-BLOCKING AGENTS,PLAIN",C7A0,"B-BLOCKING AGENTS,PLAIN",KRKA,BISOPROLOL,1,False,True,False,False,False
268,BISOPROLOLO KRK,"C7A0 - B-BLOCKING AGENTS,PLAIN",C7A0,"B-BLOCKING AGENTS,PLAIN",KRKA,BISOPROLOL,1,False,True,False,False,False
269,CARVEDILOL KRKA,"C7A0 - B-BLOCKING AGENTS,PLAIN",C7A0,"B-BLOCKING AGENTS,PLAIN",KRKA,CARVEDILOL,1,False,True,False,False,False
270,METAZERO XR,"C7A0 - B-BLOCKING AGENTS,PLAIN",C7A0,"B-BLOCKING AGENTS,PLAIN",KRKA,METOPROLOL,1,False,True,False,False,False
271,METOPROLOL KRKA,"C7A0 - B-BLOCKING AGENTS,PLAIN",C7A0,"B-BLOCKING AGENTS,PLAIN",KRKA,METOPROLOL,1,False,True,False,False,False
272,NEBIVOLOL KRKA,"C7A0 - B-BLOCKING AGENTS,PLAIN",C7A0,"B-BLOCKING AGENTS,PLAIN",KRKA,NEBIVOLOL,1,False,True,False,False,False
273,NEBIVOLOLO KRK,"C7A0 - B-BLOCKING AGENTS,PLAIN",C7A0,"B-BLOCKING AGENTS,PLAIN",KRKA,NEBIVOLOL,1,False,True,False,False,False
274,KERLONE,"C7A0 - B-BLOCKING AGENTS,PLAIN",C7A0,"B-BLOCKING AGENTS,PLAIN",LAVIPHARM,BETAXOLOL,1,False,True,False,False,False
275,CONGESCOR,"C7A0 - B-BLOCKING AGENTS,PLAIN",C7A0,"B-BLOCKING AGENTS,PLAIN",MEDIFARM,BISOPROLOL,1,False,True,False,False,False
276,LOBIVON,"C7A0 - B-BLOCKING AGENTS,PLAIN",C7A0,"B-BLOCKING AGENTS,PLAIN",MEDIFARM,NEBIVOLOL,1,False,True,False,False,False
277,LOBIVON,"C7A0 - B-BLOCKING AGENTS,PLAIN",C7A0,"B-BLOCKING AGENTS,PLAIN",MELYFARMA,NEBIVOLOL,1,False,True,False,False,False
278,HYPOLOC,"C7A0 - B-BLOCKING AGENTS,PLAIN",C7A0,"B-BLOCKING AGENTS,PLAIN",MENARINI,NEBIVOLOL,1,False,True,False,False,False
279,LOBIVON,"C7A0 - B-BLOCKING AGENTS,PLAIN",C7A0,"B-BLOCKING AGENTS,PLAIN",MENARINI,NEBIVOLOL,1,False,True,False,False,False
280,NEBILOX,"C7A0 - B-BLOCKING AGENTS,PLAIN",C7A0,"B-BLOCKING AGENTS,PLAIN",MENARINI,NEBIVOLOL,1,False,True,False,False,False
281,NOBISTAR,"C7A0 - B-BLOCKING AGENTS,PLAIN",C7A0,"B-BLOCKING AGENTS,PLAIN",MENARINI,NEBIVOLOL,1,False,True,False,False,False
282,SILOSTAR,"C7A0 - B-BLOCKING AGENTS,PLAIN",C7A0,"B-BLOCKING AGENTS,PLAIN",MENARINI,NEBIVOLOL,1,False,True,False,False,False
283,CONCOR,"C7A0 - B-BLOCKING AGENTS,PLAIN",C7A0,"B-BLOCKING AGENTS,PLAIN",MERCK KGAA,BISOPROLOL,1,False,True,False,False,False
284,CONGESCOR,"C7A0 - B-BLOCKING AGENTS,PLAIN",C7A0,"B-BLOCKING AGENTS,PLAIN",MERCK KGAA,BISOPROLOL,1,False,True,False,False,False
285,EMCONCOR,"C7A0 - B-BLOCKING AGENTS,PLAIN",C7A0,"B-BLOCKING AGENTS,PLAIN",MERCK KGAA,BISOPROLOL,1,False,True,False,False,False
286,EMCONCOR COR,"C7A0 - B-BLOCKING AGENTS,PLAIN",C7A0,"B-BLOCKING AGENTS,PLAIN",MERCK KGAA,BISOPROLOL,1,False,True,False,False,False
287,OMERIA,"C7A0 - B-BLOCKING AGENTS,PLAIN",C7A0,"B-BLOCKING AGENTS,PLAIN",NEOPHARMED GENTILI,CARVEDILOL,1,False,True,False,False,False
288,CONGESCOR,"C7A0 - B-BLOCKING AGENTS,PLAIN",C7A0,"B-BLOCKING AGENTS,PLAIN",NEW PHARMASHOP,BISOPROLOL,1,False,True,False,False,False
289,ATENOLOL NORMON,"C7A0 - B-BLOCKING AGENTS,PLAIN",C7A0,"B-BLOCKING AGENTS,PLAIN",NORMON,ATENOLOL,1,False,True,False,False,False
290,BISOPROLOL NORMON,"C7A0 - B-BLOCKING AGENTS,PLAIN",C7A0,"B-BLOCKING AGENTS,PLAIN",NORMON,BISOPROLOL,1,False,True,False,False,False
291,CARVEDILOL NORMON,"C7A0 - B-BLOCKING AGENTS,PLAIN",C7A0,"B-BLOCKING AGENTS,PLAIN",NORMON,CARVEDILOL,1,False,True,False,False,False
292,NEBIVOLOL NORMON,"C7A0 - B-BLOCKING AGENTS,PLAIN",C7A0,"B-BLOCKING AGENTS,PLAIN",NORMON,NEBIVOLOL,1,False,True,False,False,False
293,VISKEN,"C7A0 - B-BLOCKING AGENTS,PLAIN",C7A0,"B-BLOCKING AGENTS,PLAIN",NOVARTIS,PINDOLOL,1,False,True,False,False,False
294,INDERAL,"C7A0 - B-BLOCKING AGENTS,PLAIN",C7A0,"B-BLOCKING AGENTS,PLAIN",PHARMAIDEA,PROPRANOLOL,1,False,True,False,False,False
295,SUMIAL,"C7A0 - B-BLOCKING AGENTS,PLAIN",C7A0,"B-BLOCKING AGENTS,PLAIN",PHARMAIDEA,PROPRANOLOL,1,False,True,False,False,False
296,INDERAL,"C7A0 - B-BLOCKING AGENTS,PLAIN",C7A0,"B-BLOCKING AGENTS,PLAIN",PHARMANOVIA,PROPRANOLOL,1,False,True,False,False,False
297,SUMIAL,"C7A0 - B-BLOCKING AGENTS,PLAIN",C7A0,"B-BLOCKING AGENTS,PLAIN",PHARMANOVIA,PROPRANOLOL,1,False,True,False,False,False
298,TENORMIN,"C7A0 - B-BLOCKING AGENTS,PLAIN",C7A0,"B-BLOCKING AGENTS,PLAIN",PHARMANOVIA,ATENOLOL,1,False,True,False,False,False
299,NOZAC,"C7A0 - B-BLOCKING AGENTS,PLAIN",C7A0,"B-BLOCKING AGENTS,PLAIN",PHARMAZAC,NEBIVOLOL,1,False,True,False,False,False
300,HEMANGIOL,"C7A0 - B-BLOCKING AGENTS,PLAIN",C7A0,"B-BLOCKING AGENTS,PLAIN",PIERRE FABRE,PROPRANOLOL,1,False,True,False,False,False
301,CARDICOR,"C7A0 - B-BLOCKING AGENTS,PLAIN",C7A0,"B-BLOCKING AGENTS,PLAIN",PROGRAM.SAN.INT,BISOPROLOL,1,False,True,False,False,False
302,CONGESCOR,"C7A0 - B-BLOCKING AGENTS,PLAIN",C7A0,"B-BLOCKING AGENTS,PLAIN",PROGRAM.SAN.INT,BISOPROLOL,1,False,True,False,False,False
303,CARAVEL,"C7A0 - B-BLOCKING AGENTS,PLAIN",C7A0,"B-BLOCKING AGENTS,PLAIN",PROSPA,CARVEDILOL,1,False,True,False,False,False
304,ERVIDOL,"C7A0 - B-BLOCKING AGENTS,PLAIN",C7A0,"B-BLOCKING AGENTS,PLAIN",RAFARM,CARVEDILOL,1,False,True,False,False,False
305,BELOKEN,"C7A0 - B-BLOCKING AGENTS,PLAIN",C7A0,"B-BLOCKING AGENTS,PLAIN",RECORDATI,METOPROLOL,1,False,True,False,False,False
306,CARDICOR,"C7A0 - B-BLOCKING AGENTS,PLAIN",C7A0,"B-BLOCKING AGENTS,PLAIN",RECORDATI,BISOPROLOL,1,False,True,False,False,False
307,LOPRESOR,"C7A0 - B-BLOCKING AGENTS,PLAIN",C7A0,"B-BLOCKING AGENTS,PLAIN",RECORDATI,METOPROLOL,1,False,True,False,False,False
308,SELOKEN,"C7A0 - B-BLOCKING AGENTS,PLAIN",C7A0,"B-BLOCKING AGENTS,PLAIN",RECORDATI,METOPROLOL,1,False,True,False,False,False
309,COROPRES,"C7A0 - B-BLOCKING AGENTS,PLAIN",C7A0,"B-BLOCKING AGENTS,PLAIN",RUBIO,CARVEDILOL,1,False,True,False,False,False
310,SOTAPOR,"C7A0 - B-BLOCKING AGENTS,PLAIN",C7A0,"B-BLOCKING AGENTS,PLAIN",RUBIO,SOTALOL,1,False,True,False,False,False
311,COLVER,"C7A0 - B-BLOCKING AGENTS,PLAIN",C7A0,"B-BLOCKING AGENTS,PLAIN",S.F.GROUP,CARVEDILOL,1,False,True,False,False,False
312,CORDIAX,"C7A0 - B-BLOCKING AGENTS,PLAIN",C7A0,"B-BLOCKING AGENTS,PLAIN",S.F.GROUP,CELIPROLOL,1,False,True,False,False,False
313,LABETALOLO SAL,"C7A0 - B-BLOCKING AGENTS,PLAIN",C7A0,"B-BLOCKING AGENTS,PLAIN",SALF,LABETALOL,1,False,True,False,False,False
314,ATENOLOL SANDOZ,"C7A0 - B-BLOCKING AGENTS,PLAIN",C7A0,"B-BLOCKING AGENTS,PLAIN",SANDOZ,ATENOLOL,1,False,True,False,False,False
315,ATENOLOLO HEX,"C7A0 - B-BLOCKING AGENTS,PLAIN",C7A0,"B-BLOCKING AGENTS,PLAIN",SANDOZ,ATENOLOL,1,False,True,False,False,False
316,BISOPROLOL COR SAN,"C7A0 - B-BLOCKING AGENTS,PLAIN",C7A0,"B-BLOCKING AGENTS,PLAIN",SANDOZ,BISOPROLOL,1,False,True,False,False,False
317,BISOPROLOLO SAN,"C7A0 - B-BLOCKING AGENTS,PLAIN",C7A0,"B-BLOCKING AGENTS,PLAIN",SANDOZ,BISOPROLOL,1,False,True,False,False,False
318,CARVEDILOL SANDOZ,"C7A0 - B-BLOCKING AGENTS,PLAIN",C7A0,"B-BLOCKING AGENTS,PLAIN",SANDOZ,CARVEDILOL,1,False,True,False,False,False
319,CARVEDILOLO HEX,"C7A0 - B-BLOCKING AGENTS,PLAIN",C7A0,"B-BLOCKING AGENTS,PLAIN",SANDOZ,CARVEDILOL,1,False,True,False,False,False
320,CARVEDILOLO SAN,"C7A0 - B-BLOCKING AGENTS,PLAIN",C7A0,"B-BLOCKING AGENTS,PLAIN",SANDOZ,CARVEDILOL,1,False,True,False,False,False
321,METOPROLOLO HEX,"C7A0 - B-BLOCKING AGENTS,PLAIN",C7A0,"B-BLOCKING AGENTS,PLAIN",SANDOZ,METOPROLOL,1,False,True,False,False,False
322,NEBIVOLOL SANDOZ,"C7A0 - B-BLOCKING AGENTS,PLAIN",C7A0,"B-BLOCKING AGENTS,PLAIN",SANDOZ,NEBIVOLOL,1,False,True,False,False,False
323,NEBIVOLOLO SAN,"C7A0 - B-BLOCKING AGENTS,PLAIN",C7A0,"B-BLOCKING AGENTS,PLAIN",SANDOZ,NEBIVOLOL,1,False,True,False,False,False
324,SOTALOL SANDOZ,"C7A0 - B-BLOCKING AGENTS,PLAIN",C7A0,"B-BLOCKING AGENTS,PLAIN",SANDOZ,SOTALOL,1,False,True,False,False,False
325,SOTALOLO HEX,"C7A0 - B-BLOCKING AGENTS,PLAIN",C7A0,"B-BLOCKING AGENTS,PLAIN",SANDOZ,SOTALOL,1,False,True,False,False,False
326,CARDEM,"C7A0 - B-BLOCKING AGENTS,PLAIN",C7A0,"B-BLOCKING AGENTS,PLAIN",SANOFI,CELIPROLOL,1,False,True,False,False,False
327,SELECTOL,"C7A0 - B-BLOCKING AGENTS,PLAIN",C7A0,"B-BLOCKING AGENTS,PLAIN",SANOFI,CELIPROLOL,1,False,True,False,False,False
328,CONGESCOR,"C7A0 - B-BLOCKING AGENTS,PLAIN",C7A0,"B-BLOCKING AGENTS,PLAIN",SM PHARMA,BISOPROLOL,1,False,True,False,False,False
329,ACARDEN,"C7A0 - B-BLOCKING AGENTS,PLAIN",C7A0,"B-BLOCKING AGENTS,PLAIN",SO.SE.PHARM,CARVEDILOL,1,False,True,False,False,False
330,CURCIX,"C7A0 - B-BLOCKING AGENTS,PLAIN",C7A0,"B-BLOCKING AGENTS,PLAIN",SO.SE.PHARM,CARVEDILOL,1,False,True,False,False,False
331,NEBISCON,"C7A0 - B-BLOCKING AGENTS,PLAIN",C7A0,"B-BLOCKING AGENTS,PLAIN",SO.SE.PHARM,NEBIVOLOL,1,False,True,False,False,False
332,ATENOLOLO EG,"C7A0 - B-BLOCKING AGENTS,PLAIN",C7A0,"B-BLOCKING AGENTS,PLAIN",STADA,ATENOLOL,1,False,True,False,False,False
333,BISOPROLOL STADA,"C7A0 - B-BLOCKING AGENTS,PLAIN",C7A0,"B-BLOCKING AGENTS,PLAIN",STADA,BISOPROLOL,1,False,True,False,False,False
334,BISOPROLOLO EG,"C7A0 - B-BLOCKING AGENTS,PLAIN",C7A0,"B-BLOCKING AGENTS,PLAIN",STADA,BISOPROLOL,1,False,True,False,False,False
335,CARVEDILOLO EG,"C7A0 - B-BLOCKING AGENTS,PLAIN",C7A0,"B-BLOCKING AGENTS,PLAIN",STADA,CARVEDILOL,1,False,True,False,False,False
336,METOPROLOLO EG,"C7A0 - B-BLOCKING AGENTS,PLAIN",C7A0,"B-BLOCKING AGENTS,PLAIN",STADA,METOPROLOL,1,False,True,False,False,False
337,NEBIVOLOL STADA,"C7A0 - B-BLOCKING AGENTS,PLAIN",C7A0,"B-BLOCKING AGENTS,PLAIN",STADA,NEBIVOLOL,1,False,True,False,False,False
338,NEBIVOLOLO EG,"C7A0 - B-BLOCKING AGENTS,PLAIN",C7A0,"B-BLOCKING AGENTS,PLAIN",STADA,NEBIVOLOL,1,False,True,False,False,False
339,CARVEDILOLO SUN,"C7A0 - B-BLOCKING AGENTS,PLAIN",C7A0,"B-BLOCKING AGENTS,PLAIN",SUN PHARMA,CARVEDILOL,1,False,True,False,False,False
340,NEBIVOLOLO SUN,"C7A0 - B-BLOCKING AGENTS,PLAIN",C7A0,"B-BLOCKING AGENTS,PLAIN",SUN PHARMA,NEBIVOLOL,1,False,True,False,False,False
341,SELES BETA,"C7A0 - B-BLOCKING AGENTS,PLAIN",C7A0,"B-BLOCKING AGENTS,PLAIN",TEOFARMA,ATENOLOL,1,False,True,False,False,False
342,TRANDATE,"C7A0 - B-BLOCKING AGENTS,PLAIN",C7A0,"B-BLOCKING AGENTS,PLAIN",TEOFARMA,LABETALOL,1,False,True,False,False,False
343,VISKEN,"C7A0 - B-BLOCKING AGENTS,PLAIN",C7A0,"B-BLOCKING AGENTS,PLAIN",TEOFARMA,PINDOLOL,1,False,True,False,False,False
344,ATENOLOL RATIO,"C7A0 - B-BLOCKING AGENTS,PLAIN",C7A0,"B-BLOCKING AGENTS,PLAIN",TEVA,ATENOLOL,1,False,True,False,False,False
345,ATENOLOLO RAT,"C7A0 - B-BLOCKING AGENTS,PLAIN",C7A0,"B-BLOCKING AGENTS,PLAIN",TEVA,ATENOLOL,1,False,True,False,False,False
346,ATENOLOLO TEV,"C7A0 - B-BLOCKING AGENTS,PLAIN",C7A0,"B-BLOCKING AGENTS,PLAIN",TEVA,ATENOLOL,1,False,True,False,False,False
347,BISOPROLOL RATIO,"C7A0 - B-BLOCKING AGENTS,PLAIN",C7A0,"B-BLOCKING AGENTS,PLAIN",TEVA,BISOPROLOL,1,False,True,False,False,False
348,BISOPROLOL TEVA,"C7A0 - B-BLOCKING AGENTS,PLAIN",C7A0,"B-BLOCKING AGENTS,PLAIN",TEVA,BISOPROLOL,1,False,True,False,False,False
349,BISOPROLOLO TEV,"C7A0 - B-BLOCKING AGENTS,PLAIN",C7A0,"B-BLOCKING AGENTS,PLAIN",TEVA,BISOPROLOL,1,False,True,False,False,False
350,CARVEDILOL RATIO,"C7A0 - B-BLOCKING AGENTS,PLAIN",C7A0,"B-BLOCKING AGENTS,PLAIN",TEVA,CARVEDILOL,1,False,True,False,False,False
351,CARVEDILOL TEVA,"C7A0 - B-BLOCKING AGENTS,PLAIN",C7A0,"B-BLOCKING AGENTS,PLAIN",TEVA,CARVEDILOL,1,False,True,False,False,False
352,CARVEDILOLO RAT,"C7A0 - B-BLOCKING AGENTS,PLAIN",C7A0,"B-BLOCKING AGENTS,PLAIN",TEVA,CARVEDILOL,1,False,True,False,False,False
353,NEBIVOLOL RATIO,"C7A0 - B-BLOCKING AGENTS,PLAIN",C7A0,"B-BLOCKING AGENTS,PLAIN",TEVA,NEBIVOLOL,1,False,True,False,False,False
354,NEBIVOLOL TEVA,"C7A0 - B-BLOCKING AGENTS,PLAIN",C7A0,"B-BLOCKING AGENTS,PLAIN",TEVA,NEBIVOLOL,1,False,True,False,False,False
355,NEBIVOLOLO TEV,"C7A0 - B-BLOCKING AGENTS,PLAIN",C7A0,"B-BLOCKING AGENTS,PLAIN",TEVA,NEBIVOLOL,1,False,True,False,False,False
356,SOTALOL TEVA,"C7A0 - B-BLOCKING AGENTS,PLAIN",C7A0,"B-BLOCKING AGENTS,PLAIN",TEVA,SOTALOL,1,False,True,False,False,False
357,SOTALOLO TEV,"C7A0 - B-BLOCKING AGENTS,PLAIN",C7A0,"B-BLOCKING AGENTS,PLAIN",TEVA,SOTALOL,1,False,True,False,False,False
358,ATENOLOLO PNS,"C7A0 - B-BLOCKING AGENTS,PLAIN",C7A0,"B-BLOCKING AGENTS,PLAIN",TOWA PHARMA,ATENOLOL,1,False,True,False,False,False
359,BISOPROLOL PENSA,"C7A0 - B-BLOCKING AGENTS,PLAIN",C7A0,"B-BLOCKING AGENTS,PLAIN",TOWA PHARMA,BISOPROLOL,1,False,True,False,False,False
360,BISOPROLOLO PNS,"C7A0 - B-BLOCKING AGENTS,PLAIN",C7A0,"B-BLOCKING AGENTS,PLAIN",TOWA PHARMA,BISOPROLOL,1,False,True,False,False,False
361,CARVEDILOLO PNS,"C7A0 - B-BLOCKING AGENTS,PLAIN",C7A0,"B-BLOCKING AGENTS,PLAIN",TOWA PHARMA,CARVEDILOL,1,False,True,False,False,False
362,NEBIVOLOL PENSA,"C7A0 - B-BLOCKING AGENTS,PLAIN",C7A0,"B-BLOCKING AGENTS,PLAIN",TOWA PHARMA,NEBIVOLOL,1,False,True,False,False,False
363,NEBIVOLOLO PNS,"C7A0 - B-BLOCKING AGENTS,PLAIN",C7A0,"B-BLOCKING AGENTS,PLAIN",TOWA PHARMA,NEBIVOLOL,1,False,True,False,False,False
364,BLOCATENS,"C7A0 - B-BLOCKING AGENTS,PLAIN",C7A0,"B-BLOCKING AGENTS,PLAIN",UNI-PHARMA,BISOPROLOL,1,False,True,False,False,False
365,THERACOR,"C7A0 - B-BLOCKING AGENTS,PLAIN",C7A0,"B-BLOCKING AGENTS,PLAIN",UNI-PHARMA,BISOPROLOL,1,False,True,False,False,False
366,ATENOLOLO MGI,"C7A0 - B-BLOCKING AGENTS,PLAIN",C7A0,"B-BLOCKING AGENTS,PLAIN",VIATRIS,ATENOLOL,1,False,True,False,False,False
367,BISOPROLOL COR VIA,"C7A0 - B-BLOCKING AGENTS,PLAIN",C7A0,"B-BLOCKING AGENTS,PLAIN",VIATRIS,BISOPROLOL,1,False,True,False,False,False
368,BISOPROLOL VIATRIS,"C7A0 - B-BLOCKING AGENTS,PLAIN",C7A0,"B-BLOCKING AGENTS,PLAIN",VIATRIS,BISOPROLOL,1,False,True,False,False,False
369,BISOPROLOLO MGI,"C7A0 - B-BLOCKING AGENTS,PLAIN",C7A0,"B-BLOCKING AGENTS,PLAIN",VIATRIS,BISOPROLOL,1,False,True,False,False,False
370,CARVEDILOL GENERIC,"C7A0 - B-BLOCKING AGENTS,PLAIN",C7A0,"B-BLOCKING AGENTS,PLAIN",VIATRIS,CARVEDILOL,1,False,True,False,False,False
371,CARVEDILOL/MYLAN,"C7A0 - B-BLOCKING AGENTS,PLAIN",C7A0,"B-BLOCKING AGENTS,PLAIN",VIATRIS,CARVEDILOL,1,False,True,False,False,False
372,CARVEDILOLO MGI,"C7A0 - B-BLOCKING AGENTS,PLAIN",C7A0,"B-BLOCKING AGENTS,PLAIN",VIATRIS,CARVEDILOL,1,False,True,False,False,False
373,NEBIVOLOL VIATRIS,"C7A0 - B-BLOCKING AGENTS,PLAIN",C7A0,"B-BLOCKING AGENTS,PLAIN",VIATRIS,NEBIVOLOL,1,False,True,False,False,False
374,NEBIVOLOL/GENERICS,"C7A0 - B-BLOCKING AGENTS,PLAIN",C7A0,"B-BLOCKING AGENTS,PLAIN",VIATRIS,NEBIVOLOL,1,False,True,False,False,False
375,NEBIVOLOLO MGI,"C7A0 - B-BLOCKING AGENTS,PLAIN",C7A0,"B-BLOCKING AGENTS,PLAIN",VIATRIS,NEBIVOLOL,1,False,True,False,False,False
376,NIVOLON,"C7A0 - B-BLOCKING AGENTS,PLAIN",C7A0,"B-BLOCKING AGENTS,PLAIN",VIATRIS,NEBIVOLOL,1,False,True,False,False,False
377,RYTMOBETA,"C7A0 - B-BLOCKING AGENTS,PLAIN",C7A0,"B-BLOCKING AGENTS,PLAIN",VIATRIS,SOTALOL,1,False,True,False,False,False
378,SOTALOL/GENERICS,"C7A0 - B-BLOCKING AGENTS,PLAIN",C7A0,"B-BLOCKING AGENTS,PLAIN",VIATRIS,SOTALOL,1,False,True,False,False,False
379,SOTALOL/MYLAN,"C7A0 - B-BLOCKING AGENTS,PLAIN",C7A0,"B-BLOCKING AGENTS,PLAIN",VIATRIS,SOTALOL,1,False,True,False,False,False
380,SOTALOLO MGI,"C7A0 - B-BLOCKING AGENTS,PLAIN",C7A0,"B-BLOCKING AGENTS,PLAIN",VIATRIS,SOTALOL,1,False,True,False,False,False
381,CARVIPRESS,"C7A0 - B-BLOCKING AGENTS,PLAIN",C7A0,"B-BLOCKING AGENTS,PLAIN",VISUFARMA,CARVEDILOL,1,False,True,False,False,False
382,ATENOLOLO ALM,"C7A0 - B-BLOCKING AGENTS,PLAIN",C7A0,"B-BLOCKING AGENTS,PLAIN",WALGREENS BOOTS AL,ATENOLOL,1,False,True,False,False,False
383,BISOPROLOLO ALM,"C7A0 - B-BLOCKING AGENTS,PLAIN",C7A0,"B-BLOCKING AGENTS,PLAIN",WALGREENS BOOTS AL,BISOPROLOL,1,False,True,False,False,False
384,CARVEDILOL ALMUS,"C7A0 - B-BLOCKING AGENTS,PLAIN",C7A0,"B-BLOCKING AGENTS,PLAIN",WALGREENS BOOTS AL,CARVEDILOL,1,False,True,False,False,False
385,CARVEDILOLO ALM,"C7A0 - B-BLOCKING AGENTS,PLAIN",C7A0,"B-BLOCKING AGENTS,PLAIN",WALGREENS BOOTS AL,CARVEDILOL,1,False,True,False,False,False
386,ATENOLOLO ZEN,"C7A0 - B-BLOCKING AGENTS,PLAIN",C7A0,"B-BLOCKING AGENTS,PLAIN",ZENTIVA,ATENOLOL,1,False,True,False,False,False
387,BISOPROLOL ZENTIVA,"C7A0 - B-BLOCKING AGENTS,PLAIN",C7A0,"B-BLOCKING AGENTS,PLAIN",ZENTIVA,BISOPROLOL,1,False,True,False,False,False
388,BISOPROLOLO ZEN,"C7A0 - B-BLOCKING AGENTS,PLAIN",C7A0,"B-BLOCKING AGENTS,PLAIN",ZENTIVA,BISOPROLOL,1,False,True,False,False,False
389,CARVEDILOLO ZEN,"C7A0 - B-BLOCKING AGENTS,PLAIN",C7A0,"B-BLOCKING AGENTS,PLAIN",ZENTIVA,CARVEDILOL,1,False,True,False,False,False
390,NEBIVOLOLO ZEN,"C7A0 - B-BLOCKING AGENTS,PLAIN",C7A0,"B-BLOCKING AGENTS,PLAIN",ZENTIVA,NEBIVOLOL,1,False,True,False,False,False
391,CARVEDILOL COMBIX,"C7A0 - B-BLOCKING AGENTS,PLAIN",C7A0,"B-BLOCKING AGENTS,PLAIN",ZYDUS LIFESCIENCES,CARVEDILOL,1,False,True,False,False,False
392,NEBIVOLOL COMBIX,"C7A0 - B-BLOCKING AGENTS,PLAIN",C7A0,"B-BLOCKING AGENTS,PLAIN",ZYDUS LIFESCIENCES,NEBIVOLOL,1,False,True,False,False,False
