product_key,portfolio_key,product_label,local_brand_name,int_corporation_name,corporation_group,atc4_raw,atc4_code,atc4_description,molecule_combo,molecule_count,is_combo_molecule,has_not_coded_molecule
1,1,FORXIGA,FORXIGA,ASTRAZENECA,ASTRAZENECA,A10P1 - SGLT2 INHIB A-DIAB PLAIN,A10P1,SGLT2 INHIB A-DIAB PLAIN,DAPAGLIFLOZIN,1,False,False
2,2,JARDIANCE,JARDIANCE,BOEHRINGER INGEL,BOEHRINGER INGEL,A10P1 - SGLT2 INHIB A-DIAB PLAIN,A10P1,SGLT2 INHIB A-DIAB PLAIN,EMPAGLIFLOZIN,1,False,False
3,4,EDISTRIDE,EDISTRIDE,ESTEVE,ESTEVE,A10P1 - SGLT2 INHIB A-DIAB PLAIN,A10P1,SGLT2 INHIB A-DIAB PLAIN,DAPAGLIFLOZIN,1,False,False
4,5,INVOKANA,INVOKANA,JOHNSON & JOHNSON,JOHNSON & JOHNSON,A10P1 - SGLT2 INHIB A-DIAB PLAIN,A10P1,SGLT2 INHIB A-DIAB PLAIN,CANAGLIFLOZIN,1,False,False
5,7,INVOKANA,INVOKANA,MENARINI,MENARINI,A10P1 - SGLT2 INHIB A-DIAB PLAIN,A10P1,SGLT2 INHIB A-DIAB PLAIN,CANAGLIFLOZIN,1,False,False
6,8,STEGLATRO,STEGLATRO,MERCK & CO,MERCK & CO,A10P1 - SGLT2 INHIB A-DIAB PLAIN,A10P1,SGLT2 INHIB A-DIAB PLAIN,ERTUGLIFLOZIN,1,False,False
7,9,XIGDUO,XIGDUO,ASTRAZENECA,ASTRAZENECA,A10P3 - SGLT2 INH & BIGUAN COMBS,A10P3,SGLT2 INH & BIGUAN COMBS,DAPAGLIFLOZIN+METFORMIN,2,True,False
8,10,SYNJARDY,SYNJARDY,BOEHRINGER INGEL,BOEHRINGER INGEL,A10P3 - SGLT2 INH & BIGUAN COMBS,A10P3,SGLT2 INH & BIGUAN COMBS,EMPAGLIFLOZIN+METFORMIN,2,True,False
9,11,EBYMECT,EBYMECT,ESTEVE,ESTEVE,A10P3 - SGLT2 INH & BIGUAN COMBS,A10P3,SGLT2 INH & BIGUAN COMBS,DAPAGLIFLOZIN+METFORMIN,2,True,False
10,12,VOKANAMET,VOKANAMET,JOHNSON & JOHNSON,JOHNSON & JOHNSON,A10P3 - SGLT2 INH & BIGUAN COMBS,A10P3,SGLT2 INH & BIGUAN COMBS,CANAGLIFLOZIN+METFORMIN,2,True,False
11,13,VOKANAMET,VOKANAMET,MENARINI,MENARINI,A10P3 - SGLT2 INH & BIGUAN COMBS,A10P3,SGLT2 INH & BIGUAN COMBS,CANAGLIFLOZIN+METFORMIN,2,True,False
12,14,SEGLUROMET,SEGLUROMET,MERCK & CO,MERCK & CO,A10P3 - SGLT2 INH & BIGUAN COMBS,A10P3,SGLT2 INH & BIGUAN COMBS,ERTUGLIFLOZIN+METFORMIN,2,True,False
13,15,QTERN,QTERN,ASTRAZENECA,ASTRAZENECA,A10P5 - SGLT2 INH&DPP-IV INH COM,A10P5,SGLT2 INH&DPP-IV INH COM,DAPAGLIFLOZIN+SAXAGLIPTIN,2,True,False
14,16,GLYXAMBI,GLYXAMBI,BOEHRINGER INGEL,BOEHRINGER INGEL,A10P5 - SGLT2 INH&DPP-IV INH COM,A10P5,SGLT2 INH&DPP-IV INH COM,EMPAGLIFLOZIN+LINAGLIPTIN,2,True,False
15,17,STEGLUJAN,STEGLUJAN,MERCK & CO,MERCK & CO,A10P5 - SGLT2 INH&DPP-IV INH COM,A10P5,SGLT2 INH&DPP-IV INH COM,ERTUGLIFLOZIN+SITAGLIPTIN,2,True,False
16,18,BISOPROLOL/A.I.,BISOPROLOL/A.I.,A.I.PRESCRIPTION,A.I.PRESCRIPTION,"C07A0 - B-BLOCKING AGENTS,PLAIN",C07A0,"B-BLOCKING AGENTS,PLAIN",BISOPROLOL,1,False,False
17,19,CARVEDILOL/A.I.,CARVEDILOL/A.I.,A.I.PRESCRIPTION,A.I.PRESCRIPTION,"C07A0 - B-BLOCKING AGENTS,PLAIN",C07A0,"B-BLOCKING AGENTS,PLAIN",CARVEDILOL,1,False,False
18,20,PROPRANOLOL/A.I.,PROPRANOLOL/A.I.,A.I.PRESCRIPTION,A.I.PRESCRIPTION,"C07A0 - B-BLOCKING AGENTS,PLAIN",C07A0,"B-BLOCKING AGENTS,PLAIN",PROPRANOLOL,1,False,False
19,21,SOTALOL/A.I.,SOTALOL/A.I.,A.I.PRESCRIPTION,A.I.PRESCRIPTION,"C07A0 - B-BLOCKING AGENTS,PLAIN",C07A0,"B-BLOCKING AGENTS,PLAIN",SOTALOL,1,False,False
20,22,ATENOLOLO ABC,ATENOLOLO ABC,ABC,ABC,"C07A0 - B-BLOCKING AGENTS,PLAIN",C07A0,"B-BLOCKING AGENTS,PLAIN",ATENOLOL,1,False,False
21,23,BLOKIUM,BLOKIUM,ALMIRALL,ALMIRALL,"C07A0 - B-BLOCKING AGENTS,PLAIN",C07A0,"B-BLOCKING AGENTS,PLAIN",ATENOLOL,1,False,False
22,24,ATENOLOL ALTER,ATENOLOL ALTER,ALTER,ALTER,"C07A0 - B-BLOCKING AGENTS,PLAIN",C07A0,"B-BLOCKING AGENTS,PLAIN",ATENOLOL,1,False,False
23,25,BISOPROLOL ALTER,BISOPROLOL ALTER,ALTER,ALTER,"C07A0 - B-BLOCKING AGENTS,PLAIN",C07A0,"B-BLOCKING AGENTS,PLAIN",BISOPROLOL,1,False,False
24,26,BISOPROLOL COR ALT,BISOPROLOL COR ALT,ALTER,ALTER,"C07A0 - B-BLOCKING AGENTS,PLAIN",C07A0,"B-BLOCKING AGENTS,PLAIN",BISOPROLOL,1,False,False
25,27,CARVEDILOL ALTER,CARVEDILOL ALTER,ALTER,ALTER,"C07A0 - B-BLOCKING AGENTS,PLAIN",C07A0,"B-BLOCKING AGENTS,PLAIN",CARVEDILOL,1,False,False
26,28,NEBIVOLOLO ATE,NEBIVOLOLO ATE,ALTER,ALTER,"C07A0 - B-BLOCKING AGENTS,PLAIN",C07A0,"B-BLOCKING AGENTS,PLAIN",NEBIVOLOL,1,False,False
27,29,NEBIVOLOL APOTEX,NEBIVOLOL APOTEX,APOTEX,APOTEX,"C07A0 - B-BLOCKING AGENTS,PLAIN",C07A0,"B-BLOCKING AGENTS,PLAIN",NEBIVOLOL,1,False,False
28,30,ATENOLOL ARISTO,ATENOLOL ARISTO,ARISTO PHARMA,ARISTO PHARMA,"C07A0 - B-BLOCKING AGENTS,PLAIN",C07A0,"B-BLOCKING AGENTS,PLAIN",ATENOLOL,1,False,False
29,31,ATENOLOLO ARI,ATENOLOLO ARI,ARISTO PHARMA,ARISTO PHARMA,"C07A0 - B-BLOCKING AGENTS,PLAIN",C07A0,"B-BLOCKING AGENTS,PLAIN",ATENOLOL,1,False,False
30,32,BISOPROLOL COR ARI,BISOPROLOL COR ARI,ARISTO PHARMA,ARISTO PHARMA,"C07A0 - B-BLOCKING AGENTS,PLAIN",C07A0,"B-BLOCKING AGENTS,PLAIN",BISOPROLOL,1,False,False
31,33,ATENOLOLO NDO,ATENOLOLO NDO,AUROBINDO,AUROBINDO,"C07A0 - B-BLOCKING AGENTS,PLAIN",C07A0,"B-BLOCKING AGENTS,PLAIN",ATENOLOL,1,False,False
32,34,BISOPROLOL AUROVIT,BISOPROLOL AUROVIT,AUROBINDO,AUROBINDO,"C07A0 - B-BLOCKING AGENTS,PLAIN",C07A0,"B-BLOCKING AGENTS,PLAIN",BISOPROLOL,1,False,False
33,35,CARVEDILOL AUROVIT,CARVEDILOL AUROVIT,AUROBINDO,AUROBINDO,"C07A0 - B-BLOCKING AGENTS,PLAIN",C07A0,"B-BLOCKING AGENTS,PLAIN",CARVEDILOL,1,False,False
34,36,CARVEDILOLO NDO,CARVEDILOLO NDO,AUROBINDO,AUROBINDO,"C07A0 - B-BLOCKING AGENTS,PLAIN",C07A0,"B-BLOCKING AGENTS,PLAIN",CARVEDILOL,1,False,False
35,37,NEBIVOLOLO NDO,NEBIVOLOLO NDO,AUROBINDO,AUROBINDO,"C07A0 - B-BLOCKING AGENTS,PLAIN",C07A0,"B-BLOCKING AGENTS,PLAIN",NEBIVOLOL,1,False,False
36,38,NADOLOLO CHEPLA,NADOLOLO CHEPLA,AVAS PHARMACEUTIC.,AVAS PHARMACEUTIC.,"C07A0 - B-BLOCKING AGENTS,PLAIN",C07A0,"B-BLOCKING AGENTS,PLAIN",NADOLOL,1,False,False
37,39,SECTRAL,SECTRAL,AVAS PHARMACEUTIC.,AVAS PHARMACEUTIC.,"C07A0 - B-BLOCKING AGENTS,PLAIN",C07A0,"B-BLOCKING AGENTS,PLAIN",ACEBUTOLOL,1,False,False
38,40,SOTALEX,SOTALEX,AVAS PHARMACEUTIC.,AVAS PHARMACEUTIC.,"C07A0 - B-BLOCKING AGENTS,PLAIN",C07A0,"B-BLOCKING AGENTS,PLAIN",SOTALOL,1,False,False
39,41,BREVIBLOC,BREVIBLOC,BAXTER INT,BAXTER INT,"C07A0 - B-BLOCKING AGENTS,PLAIN",C07A0,"B-BLOCKING AGENTS,PLAIN",ESMOLOL,1,False,False
40,42,NEBICUR,NEBICUR,BENNETT,BENNETT,"C07A0 - B-BLOCKING AGENTS,PLAIN",C07A0,"B-BLOCKING AGENTS,PLAIN",NEBIVOLOL,1,False,False
41,43,LOPRESOR,LOPRESOR,BRUNO FARMACEUTICI,BRUNO FARMACEUTICI,"C07A0 - B-BLOCKING AGENTS,PLAIN",C07A0,"B-BLOCKING AGENTS,PLAIN",METOPROLOL,1,False,False
42,44,DILATREND,DILATREND,CHEPLAPHARM,CHEPLAPHARM,"C07A0 - B-BLOCKING AGENTS,PLAIN",C07A0,"B-BLOCKING AGENTS,PLAIN",CARVEDILOL,1,False,False
43,45,ATENOLOL CINFA,ATENOLOL CINFA,CINFA,CINFA,"C07A0 - B-BLOCKING AGENTS,PLAIN",C07A0,"B-BLOCKING AGENTS,PLAIN",ATENOLOL,1,False,False
44,46,BISOPROLOL CINFA,BISOPROLOL CINFA,CINFA,CINFA,"C07A0 - B-BLOCKING AGENTS,PLAIN",C07A0,"B-BLOCKING AGENTS,PLAIN",BISOPROLOL,1,False,False
45,47,CARVEDILOL CINFA,CARVEDILOL CINFA,CINFA,CINFA,"C07A0 - B-BLOCKING AGENTS,PLAIN",C07A0,"B-BLOCKING AGENTS,PLAIN",CARVEDILOL,1,False,False
46,48,NEBIVOLOL CINFA,NEBIVOLOL CINFA,CINFA,CINFA,"C07A0 - B-BLOCKING AGENTS,PLAIN",C07A0,"B-BLOCKING AGENTS,PLAIN",NEBIVOLOL,1,False,False
47,49,ATENOLOLO DOC,ATENOLOLO DOC,DOC GENERICI,DOC GENERICI,"C07A0 - B-BLOCKING AGENTS,PLAIN",C07A0,"B-BLOCKING AGENTS,PLAIN",ATENOLOL,1,False,False
48,50,BISOPROLOLO DOC,BISOPROLOLO DOC,DOC GENERICI,DOC GENERICI,"C07A0 - B-BLOCKING AGENTS,PLAIN",C07A0,"B-BLOCKING AGENTS,PLAIN",BISOPROLOL,1,False,False
49,51,CARVEDILOLO DOC,CARVEDILOLO DOC,DOC GENERICI,DOC GENERICI,"C07A0 - B-BLOCKING AGENTS,PLAIN",C07A0,"B-BLOCKING AGENTS,PLAIN",CARVEDILOL,1,False,False
50,52,METOPROLOLO DOC,METOPROLOLO DOC,DOC GENERICI,DOC GENERICI,"C07A0 - B-BLOCKING AGENTS,PLAIN",C07A0,"B-BLOCKING AGENTS,PLAIN",METOPROLOL,1,False,False
51,53,NEBIVOLOLO DOC,NEBIVOLOLO DOC,DOC GENERICI,DOC GENERICI,"C07A0 - B-BLOCKING AGENTS,PLAIN",C07A0,"B-BLOCKING AGENTS,PLAIN",NEBIVOLOL,1,False,False
52,54,CONCOR,CONCOR,DOMPE,DOMPE,"C07A0 - B-BLOCKING AGENTS,PLAIN",C07A0,"B-BLOCKING AGENTS,PLAIN",BISOPROLOL,1,False,False
53,55,SEQUACOR,SEQUACOR,DOMPE,DOMPE,"C07A0 - B-BLOCKING AGENTS,PLAIN",C07A0,"B-BLOCKING AGENTS,PLAIN",BISOPROLOL,1,False,False
54,56,TENORMIN,TENORMIN,ECUPHARMA,ECUPHARMA,"C07A0 - B-BLOCKING AGENTS,PLAIN",C07A0,"B-BLOCKING AGENTS,PLAIN",ATENOLOL,1,False,False
55,57,CARVEPEN,CARVEPEN,ELPEN,ELPEN,"C07A0 - B-BLOCKING AGENTS,PLAIN",C07A0,"B-BLOCKING AGENTS,PLAIN",CARVEDILOL,1,False,False
56,58,ATENOL,ATENOL,ERREKAPPA EUROTER.,ERREKAPPA EUROTER.,"C07A0 - B-BLOCKING AGENTS,PLAIN",C07A0,"B-BLOCKING AGENTS,PLAIN",ATENOLOL,1,False,False
57,59,LANDIOBLOC,LANDIOBLOC,EUROMED,EUROMED,"C07A0 - B-BLOCKING AGENTS,PLAIN",C07A0,"B-BLOCKING AGENTS,PLAIN",LANDIOLOL,1,False,False
58,60,NEOCARDON,NEOCARDON,GAP,GAP,"C07A0 - B-BLOCKING AGENTS,PLAIN",C07A0,"B-BLOCKING AGENTS,PLAIN",ATENOLOL,1,False,False
59,61,INSUCOR,INSUCOR,GLENMARK PHARM,GLENMARK PHARM,"C07A0 - B-BLOCKING AGENTS,PLAIN",C07A0,"B-BLOCKING AGENTS,PLAIN",NEBIVOLOL,1,False,False
60,62,BISOPROLOL TECNIGE,BISOPROLOL TECNIGE,GRUPO TECNIMEDE,GRUPO TECNIMEDE,"C07A0 - B-BLOCKING AGENTS,PLAIN",C07A0,"B-BLOCKING AGENTS,PLAIN",BISOPROLOL,1,False,False
61,63,TRAKOR,TRAKOR,I.B.N. SAVIO,I.B.N. SAVIO,"C07A0 - B-BLOCKING AGENTS,PLAIN",C07A0,"B-BLOCKING AGENTS,PLAIN",CARVEDILOL,1,False,False
62,64,NEBIVOLOLO ABC,NEBIVOLOLO ABC,ICE,ICE,"C07A0 - B-BLOCKING AGENTS,PLAIN",C07A0,"B-BLOCKING AGENTS,PLAIN",NEBIVOLOL,1,False,False
63,65,BIVOL,BIVOL,INNOVIS,INNOVIS,"C07A0 - B-BLOCKING AGENTS,PLAIN",C07A0,"B-BLOCKING AGENTS,PLAIN",NEBIVOLOL,1,False,False
64,66,CARVEDILEN,CARVEDILEN,INNOVIS,INNOVIS,"C07A0 - B-BLOCKING AGENTS,PLAIN",C07A0,"B-BLOCKING AGENTS,PLAIN",CARVEDILOL,1,False,False
65,67,LOBIBETA,LOBIBETA,INNOVIS,INNOVIS,"C07A0 - B-BLOCKING AGENTS,PLAIN",C07A0,"B-BLOCKING AGENTS,PLAIN",NEBIVOLOL,1,False,False
66,68,BISOPROLOLO ACC,BISOPROLOLO ACC,INTAS,INTAS,"C07A0 - B-BLOCKING AGENTS,PLAIN",C07A0,"B-BLOCKING AGENTS,PLAIN",BISOPROLOL,1,False,False
67,69,CARVEDILOLO ACC,CARVEDILOLO ACC,INTAS,INTAS,"C07A0 - B-BLOCKING AGENTS,PLAIN",C07A0,"B-BLOCKING AGENTS,PLAIN",CARVEDILOL,1,False,False
68,70,METOPROLOLO ACC,METOPROLOLO ACC,INTAS,INTAS,"C07A0 - B-BLOCKING AGENTS,PLAIN",C07A0,"B-BLOCKING AGENTS,PLAIN",METOPROLOL,1,False,False
69,71,NEBIVOLOLO ACC,NEBIVOLOLO ACC,INTAS,INTAS,"C07A0 - B-BLOCKING AGENTS,PLAIN",C07A0,"B-BLOCKING AGENTS,PLAIN",NEBIVOLOL,1,False,False
70,72,EURADAL,EURADAL,ITALFARMACO,ITALFARMACO,"C07A0 - B-BLOCKING AGENTS,PLAIN",C07A0,"B-BLOCKING AGENTS,PLAIN",BISOPROLOL,1,False,False
71,73,DILATREND,DILATREND,ITC FARMA,ITC FARMA,"C07A0 - B-BLOCKING AGENTS,PLAIN",C07A0,"B-BLOCKING AGENTS,PLAIN",CARVEDILOL,1,False,False
72,74,TENSIBLOCK,TENSIBLOCK,JAKINMED,JAKINMED,"C07A0 - B-BLOCKING AGENTS,PLAIN",C07A0,"B-BLOCKING AGENTS,PLAIN",ATENOLOL,1,False,False
73,75,BISOPROLOL KERN,BISOPROLOL KERN,KERN PHARMA,KERN PHARMA,"C07A0 - B-BLOCKING AGENTS,PLAIN",C07A0,"B-BLOCKING AGENTS,PLAIN",BISOPROLOL,1,False,False
74,76,PROPRANOLOL KERN,PROPRANOLOL KERN,KERN PHARMA,KERN PHARMA,"C07A0 - B-BLOCKING AGENTS,PLAIN",C07A0,"B-BLOCKING AGENTS,PLAIN",PROPRANOLOL,1,False,False
75,77,TRANDATE,TRANDATE,KERN PHARMA,KERN PHARMA,"C07A0 - B-BLOCKING AGENTS,PLAIN",C07A0,"B-BLOCKING AGENTS,PLAIN",LABETALOL,1,False,False
76,78,BISOPROLOL KRKA,BISOPROLOL KRKA,KRKA,KRKA,"C07A0 - B-BLOCKING AGENTS,PLAIN",C07A0,"B-BLOCKING AGENTS,PLAIN",BISOPROLOL,1,False,False
77,79,BISOPROLOLO KRK,BISOPROLOLO KRK,KRKA,KRKA,"C07A0 - B-BLOCKING AGENTS,PLAIN",C07A0,"B-BLOCKING AGENTS,PLAIN",BISOPROLOL,1,False,False
78,80,METAZERO XR,METAZERO XR,KRKA,KRKA,"C07A0 - B-BLOCKING AGENTS,PLAIN",C07A0,"B-BLOCKING AGENTS,PLAIN",METOPROLOL,1,False,False
79,81,NEBIVOLOLO KRK,NEBIVOLOLO KRK,KRKA,KRKA,"C07A0 - B-BLOCKING AGENTS,PLAIN",C07A0,"B-BLOCKING AGENTS,PLAIN",NEBIVOLOL,1,False,False
80,82,KERLONE,KERLONE,LAVIPHARM,LAVIPHARM,"C07A0 - B-BLOCKING AGENTS,PLAIN",C07A0,"B-BLOCKING AGENTS,PLAIN",BETAXOLOL,1,False,False
81,83,HYPOLOC,HYPOLOC,MENARINI,MENARINI,"C07A0 - B-BLOCKING AGENTS,PLAIN",C07A0,"B-BLOCKING AGENTS,PLAIN",NEBIVOLOL,1,False,False
82,84,LOBIVON,LOBIVON,MENARINI,MENARINI,"C07A0 - B-BLOCKING AGENTS,PLAIN",C07A0,"B-BLOCKING AGENTS,PLAIN",NEBIVOLOL,1,False,False
83,85,NEBILOX,NEBILOX,MENARINI,MENARINI,"C07A0 - B-BLOCKING AGENTS,PLAIN",C07A0,"B-BLOCKING AGENTS,PLAIN",NEBIVOLOL,1,False,False
84,86,NOBISTAR,NOBISTAR,MENARINI,MENARINI,"C07A0 - B-BLOCKING AGENTS,PLAIN",C07A0,"B-BLOCKING AGENTS,PLAIN",NEBIVOLOL,1,False,False
85,87,SILOSTAR,SILOSTAR,MENARINI,MENARINI,"C07A0 - B-BLOCKING AGENTS,PLAIN",C07A0,"B-BLOCKING AGENTS,PLAIN",NEBIVOLOL,1,False,False
86,88,CARDICOR,CARDICOR,MERCK KGAA,MERCK KGAA,"C07A0 - B-BLOCKING AGENTS,PLAIN",C07A0,"B-BLOCKING AGENTS,PLAIN",BISOPROLOL,1,False,False
87,89,CONCOR,CONCOR,MERCK KGAA,MERCK KGAA,"C07A0 - B-BLOCKING AGENTS,PLAIN",C07A0,"B-BLOCKING AGENTS,PLAIN",BISOPROLOL,1,False,False
88,90,CONGESCOR,CONGESCOR,MERCK KGAA,MERCK KGAA,"C07A0 - B-BLOCKING AGENTS,PLAIN",C07A0,"B-BLOCKING AGENTS,PLAIN",BISOPROLOL,1,False,False
89,91,EMCONCOR,EMCONCOR,MERCK KGAA,MERCK KGAA,"C07A0 - B-BLOCKING AGENTS,PLAIN",C07A0,"B-BLOCKING AGENTS,PLAIN",BISOPROLOL,1,False,False
90,92,EMCONCOR COR,EMCONCOR COR,MERCK KGAA,MERCK KGAA,"C07A0 - B-BLOCKING AGENTS,PLAIN",C07A0,"B-BLOCKING AGENTS,PLAIN",BISOPROLOL,1,False,False
91,93,OMERIA,OMERIA,NEOPHARMED GENTILI,NEOPHARMED GENTILI,"C07A0 - B-BLOCKING AGENTS,PLAIN",C07A0,"B-BLOCKING AGENTS,PLAIN",Not Coded,1,False,True
92,94,ATENOLOL NORMON,ATENOLOL NORMON,NORMON,NORMON,"C07A0 - B-BLOCKING AGENTS,PLAIN",C07A0,"B-BLOCKING AGENTS,PLAIN",ATENOLOL,1,False,False
93,95,BISOPROLOL NORMON,BISOPROLOL NORMON,NORMON,NORMON,"C07A0 - B-BLOCKING AGENTS,PLAIN",C07A0,"B-BLOCKING AGENTS,PLAIN",BISOPROLOL,1,False,False
94,96,CARVEDILOL NORMON,CARVEDILOL NORMON,NORMON,NORMON,"C07A0 - B-BLOCKING AGENTS,PLAIN",C07A0,"B-BLOCKING AGENTS,PLAIN",CARVEDILOL,1,False,False
95,97,NEBIVOLOL NORMON,NEBIVOLOL NORMON,NORMON,NORMON,"C07A0 - B-BLOCKING AGENTS,PLAIN",C07A0,"B-BLOCKING AGENTS,PLAIN",NEBIVOLOL,1,False,False
96,98,INDERAL,INDERAL,PHARMAIDEA,PHARMAIDEA,"C07A0 - B-BLOCKING AGENTS,PLAIN",C07A0,"B-BLOCKING AGENTS,PLAIN",PROPRANOLOL,1,False,False
97,99,SUMIAL,SUMIAL,PHARMAIDEA,PHARMAIDEA,"C07A0 - B-BLOCKING AGENTS,PLAIN",C07A0,"B-BLOCKING AGENTS,PLAIN",PROPRANOLOL,1,False,False
98,100,SUMIAL,SUMIAL,PHARMANOVIA,PHARMANOVIA,"C07A0 - B-BLOCKING AGENTS,PLAIN",C07A0,"B-BLOCKING AGENTS,PLAIN",PROPRANOLOL,1,False,False
99,101,TENORMIN,TENORMIN,PHARMANOVIA,PHARMANOVIA,"C07A0 - B-BLOCKING AGENTS,PLAIN",C07A0,"B-BLOCKING AGENTS,PLAIN",ATENOLOL,1,False,False
100,102,NOZAC,NOZAC,PHARMAZAC,PHARMAZAC,"C07A0 - B-BLOCKING AGENTS,PLAIN",C07A0,"B-BLOCKING AGENTS,PLAIN",NEBIVOLOL,1,False,False
101,103,HEMANGIOL,HEMANGIOL,PIERRE FABRE,PIERRE FABRE,"C07A0 - B-BLOCKING AGENTS,PLAIN",C07A0,"B-BLOCKING AGENTS,PLAIN",PROPRANOLOL,1,False,False
102,104,CARAVEL,CARAVEL,PROSPA,PROSPA,"C07A0 - B-BLOCKING AGENTS,PLAIN",C07A0,"B-BLOCKING AGENTS,PLAIN",CARVEDILOL,1,False,False
103,105,ERVIDOL,ERVIDOL,RAFARM,RAFARM,"C07A0 - B-BLOCKING AGENTS,PLAIN",C07A0,"B-BLOCKING AGENTS,PLAIN",CARVEDILOL,1,False,False
104,106,BELOKEN,BELOKEN,RECORDATI,RECORDATI,"C07A0 - B-BLOCKING AGENTS,PLAIN",C07A0,"B-BLOCKING AGENTS,PLAIN",METOPROLOL,1,False,False
105,107,LOPRESOR,LOPRESOR,RECORDATI,RECORDATI,"C07A0 - B-BLOCKING AGENTS,PLAIN",C07A0,"B-BLOCKING AGENTS,PLAIN",METOPROLOL,1,False,False
106,108,SELOKEN,SELOKEN,RECORDATI,RECORDATI,"C07A0 - B-BLOCKING AGENTS,PLAIN",C07A0,"B-BLOCKING AGENTS,PLAIN",METOPROLOL,1,False,False
107,109,COROPRES,COROPRES,RUBIO,RUBIO,"C07A0 - B-BLOCKING AGENTS,PLAIN",C07A0,"B-BLOCKING AGENTS,PLAIN",CARVEDILOL,1,False,False
108,110,SOTAPOR,SOTAPOR,RUBIO,RUBIO,"C07A0 - B-BLOCKING AGENTS,PLAIN",C07A0,"B-BLOCKING AGENTS,PLAIN",SOTALOL,1,False,False
109,111,COLVER,COLVER,S.F.GROUP,S.F.GROUP,"C07A0 - B-BLOCKING AGENTS,PLAIN",C07A0,"B-BLOCKING AGENTS,PLAIN",CARVEDILOL,1,False,False
110,112,CORDIAX,CORDIAX,S.F.GROUP,S.F.GROUP,"C07A0 - B-BLOCKING AGENTS,PLAIN",C07A0,"B-BLOCKING AGENTS,PLAIN",CELIPROLOL,1,False,False
111,113,LOCARD,LOCARD,S.F.GROUP,S.F.GROUP,"C07A0 - B-BLOCKING AGENTS,PLAIN",C07A0,"B-BLOCKING AGENTS,PLAIN",CARVEDILOL,1,False,False
112,114,NEBICARD,NEBICARD,S.F.GROUP,S.F.GROUP,"C07A0 - B-BLOCKING AGENTS,PLAIN",C07A0,"B-BLOCKING AGENTS,PLAIN",NEBIVOLOL,1,False,False
113,115,TENOMAX,TENOMAX,S.F.GROUP,S.F.GROUP,"C07A0 - B-BLOCKING AGENTS,PLAIN",C07A0,"B-BLOCKING AGENTS,PLAIN",ATENOLOL,1,False,False
114,116,LABETALOLO SAL,LABETALOLO SAL,SALF,SALF,"C07A0 - B-BLOCKING AGENTS,PLAIN",C07A0,"B-BLOCKING AGENTS,PLAIN",LABETALOL,1,False,False
115,117,ATENOLOL SANDOZ,ATENOLOL SANDOZ,SANDOZ,SANDOZ,"C07A0 - B-BLOCKING AGENTS,PLAIN",C07A0,"B-BLOCKING AGENTS,PLAIN",ATENOLOL,1,False,False
116,118,BISOPROLOL COR SAN,BISOPROLOL COR SAN,SANDOZ,SANDOZ,"C07A0 - B-BLOCKING AGENTS,PLAIN",C07A0,"B-BLOCKING AGENTS,PLAIN",BISOPROLOL,1,False,False
117,119,BISOPROLOL SANDOZ,BISOPROLOL SANDOZ,SANDOZ,SANDOZ,"C07A0 - B-BLOCKING AGENTS,PLAIN",C07A0,"B-BLOCKING AGENTS,PLAIN",BISOPROLOL,1,False,False
118,120,BISOPROLOLO SAN,BISOPROLOLO SAN,SANDOZ,SANDOZ,"C07A0 - B-BLOCKING AGENTS,PLAIN",C07A0,"B-BLOCKING AGENTS,PLAIN",BISOPROLOL,1,False,False
119,121,CARVEDILOL SANDOZ,CARVEDILOL SANDOZ,SANDOZ,SANDOZ,"C07A0 - B-BLOCKING AGENTS,PLAIN",C07A0,"B-BLOCKING AGENTS,PLAIN",CARVEDILOL,1,False,False
120,122,CARVEDILOLO HEX,CARVEDILOLO HEX,SANDOZ,SANDOZ,"C07A0 - B-BLOCKING AGENTS,PLAIN",C07A0,"B-BLOCKING AGENTS,PLAIN",CARVEDILOL,1,False,False
121,123,CARVEDILOLO SAN,CARVEDILOLO SAN,SANDOZ,SANDOZ,"C07A0 - B-BLOCKING AGENTS,PLAIN",C07A0,"B-BLOCKING AGENTS,PLAIN",CARVEDILOL,1,False,False
122,124,METOPROLOLO HEX,METOPROLOLO HEX,SANDOZ,SANDOZ,"C07A0 - B-BLOCKING AGENTS,PLAIN",C07A0,"B-BLOCKING AGENTS,PLAIN",METOPROLOL,1,False,False
123,125,NEBIVOLOL SANDOZ,NEBIVOLOL SANDOZ,SANDOZ,SANDOZ,"C07A0 - B-BLOCKING AGENTS,PLAIN",C07A0,"B-BLOCKING AGENTS,PLAIN",NEBIVOLOL,1,False,False
124,126,NEBIVOLOLO SAN,NEBIVOLOLO SAN,SANDOZ,SANDOZ,"C07A0 - B-BLOCKING AGENTS,PLAIN",C07A0,"B-BLOCKING AGENTS,PLAIN",NEBIVOLOL,1,False,False
125,127,SOTALOLO HEX,SOTALOLO HEX,SANDOZ,SANDOZ,"C07A0 - B-BLOCKING AGENTS,PLAIN",C07A0,"B-BLOCKING AGENTS,PLAIN",SOTALOL,1,False,False
126,128,ACARDEN,ACARDEN,SO.SE.PHARM,SO.SE.PHARM,"C07A0 - B-BLOCKING AGENTS,PLAIN",C07A0,"B-BLOCKING AGENTS,PLAIN",CARVEDILOL,1,False,False
127,129,CURCIX,CURCIX,SO.SE.PHARM,SO.SE.PHARM,"C07A0 - B-BLOCKING AGENTS,PLAIN",C07A0,"B-BLOCKING AGENTS,PLAIN",CARVEDILOL,1,False,False
128,130,NEBISCON,NEBISCON,SO.SE.PHARM,SO.SE.PHARM,"C07A0 - B-BLOCKING AGENTS,PLAIN",C07A0,"B-BLOCKING AGENTS,PLAIN",NEBIVOLOL,1,False,False
129,131,ATENOLOLO EG,ATENOLOLO EG,STADA,STADA,"C07A0 - B-BLOCKING AGENTS,PLAIN",C07A0,"B-BLOCKING AGENTS,PLAIN",ATENOLOL,1,False,False
130,132,BISOPROLOL STADA,BISOPROLOL STADA,STADA,STADA,"C07A0 - B-BLOCKING AGENTS,PLAIN",C07A0,"B-BLOCKING AGENTS,PLAIN",BISOPROLOL,1,False,False
131,133,BISOPROLOLO EG,BISOPROLOLO EG,STADA,STADA,"C07A0 - B-BLOCKING AGENTS,PLAIN",C07A0,"B-BLOCKING AGENTS,PLAIN",BISOPROLOL,1,False,False
132,134,CARVEDILOLO EG,CARVEDILOLO EG,STADA,STADA,"C07A0 - B-BLOCKING AGENTS,PLAIN",C07A0,"B-BLOCKING AGENTS,PLAIN",CARVEDILOL,1,False,False
133,135,METOPROLOLO EG,METOPROLOLO EG,STADA,STADA,"C07A0 - B-BLOCKING AGENTS,PLAIN",C07A0,"B-BLOCKING AGENTS,PLAIN",METOPROLOL,1,False,False
134,136,NEBIVOLOLO EG,NEBIVOLOLO EG,STADA,STADA,"C07A0 - B-BLOCKING AGENTS,PLAIN",C07A0,"B-BLOCKING AGENTS,PLAIN",NEBIVOLOL,1,False,False
135,137,ATENOLOL MUNDOGEN,ATENOLOL MUNDOGEN,SUN PHARMA,SUN PHARMA,"C07A0 - B-BLOCKING AGENTS,PLAIN",C07A0,"B-BLOCKING AGENTS,PLAIN",ATENOLOL,1,False,False
136,138,SELES BETA,SELES BETA,TEOFARMA,TEOFARMA,"C07A0 - B-BLOCKING AGENTS,PLAIN",C07A0,"B-BLOCKING AGENTS,PLAIN",ATENOLOL,1,False,False
137,139,TRANDATE,TRANDATE,TEOFARMA,TEOFARMA,"C07A0 - B-BLOCKING AGENTS,PLAIN",C07A0,"B-BLOCKING AGENTS,PLAIN",LABETALOL,1,False,False
138,140,ATENOLOL RATIO,ATENOLOL RATIO,TEVA,TEVA,"C07A0 - B-BLOCKING AGENTS,PLAIN",C07A0,"B-BLOCKING AGENTS,PLAIN",ATENOLOL,1,False,False
139,141,ATENOLOLO RAT,ATENOLOLO RAT,TEVA,TEVA,"C07A0 - B-BLOCKING AGENTS,PLAIN",C07A0,"B-BLOCKING AGENTS,PLAIN",ATENOLOL,1,False,False
140,142,BISOPROLOL RATIO,BISOPROLOL RATIO,TEVA,TEVA,"C07A0 - B-BLOCKING AGENTS,PLAIN",C07A0,"B-BLOCKING AGENTS,PLAIN",BISOPROLOL,1,False,False
141,143,BISOPROLOL TEVA,BISOPROLOL TEVA,TEVA,TEVA,"C07A0 - B-BLOCKING AGENTS,PLAIN",C07A0,"B-BLOCKING AGENTS,PLAIN",BISOPROLOL,1,False,False
142,144,BISOPROLOLO TEV,BISOPROLOLO TEV,TEVA,TEVA,"C07A0 - B-BLOCKING AGENTS,PLAIN",C07A0,"B-BLOCKING AGENTS,PLAIN",BISOPROLOL,1,False,False
143,145,CARVEDILOL RATIO,CARVEDILOL RATIO,TEVA,TEVA,"C07A0 - B-BLOCKING AGENTS,PLAIN",C07A0,"B-BLOCKING AGENTS,PLAIN",CARVEDILOL,1,False,False
144,146,CARVEDILOL TEVA,CARVEDILOL TEVA,TEVA,TEVA,"C07A0 - B-BLOCKING AGENTS,PLAIN",C07A0,"B-BLOCKING AGENTS,PLAIN",CARVEDILOL,1,False,False
145,147,CARVEDILOLO RAT,CARVEDILOLO RAT,TEVA,TEVA,"C07A0 - B-BLOCKING AGENTS,PLAIN",C07A0,"B-BLOCKING AGENTS,PLAIN",CARVEDILOL,1,False,False
146,148,NEBIVOLOLO TEV,NEBIVOLOLO TEV,TEVA,TEVA,"C07A0 - B-BLOCKING AGENTS,PLAIN",C07A0,"B-BLOCKING AGENTS,PLAIN",NEBIVOLOL,1,False,False
147,149,SOTALOLO TEV,SOTALOLO TEV,TEVA,TEVA,"C07A0 - B-BLOCKING AGENTS,PLAIN",C07A0,"B-BLOCKING AGENTS,PLAIN",SOTALOL,1,False,False
148,150,ATENOLOLO PNS,ATENOLOLO PNS,TOWA PHARMA,TOWA PHARMA,"C07A0 - B-BLOCKING AGENTS,PLAIN",C07A0,"B-BLOCKING AGENTS,PLAIN",ATENOLOL,1,False,False
149,151,BISOPROLOL PENSA,BISOPROLOL PENSA,TOWA PHARMA,TOWA PHARMA,"C07A0 - B-BLOCKING AGENTS,PLAIN",C07A0,"B-BLOCKING AGENTS,PLAIN",BISOPROLOL,1,False,False
150,152,BISOPROLOLO PNS,BISOPROLOLO PNS,TOWA PHARMA,TOWA PHARMA,"C07A0 - B-BLOCKING AGENTS,PLAIN",C07A0,"B-BLOCKING AGENTS,PLAIN",BISOPROLOL,1,False,False
151,153,BLOCATENS,BLOCATENS,UNI-PHARMA,UNI-PHARMA,"C07A0 - B-BLOCKING AGENTS,PLAIN",C07A0,"B-BLOCKING AGENTS,PLAIN",BISOPROLOL,1,False,False
152,154,THERACOR,THERACOR,UNI-PHARMA,UNI-PHARMA,"C07A0 - B-BLOCKING AGENTS,PLAIN",C07A0,"B-BLOCKING AGENTS,PLAIN",BISOPROLOL,1,False,False
153,155,BISOPROLOL COR VIA,BISOPROLOL COR VIA,VIATRIS,VIATRIS,"C07A0 - B-BLOCKING AGENTS,PLAIN",C07A0,"B-BLOCKING AGENTS,PLAIN",BISOPROLOL,1,False,False
154,156,BISOPROLOL VIATRIS,BISOPROLOL VIATRIS,VIATRIS,VIATRIS,"C07A0 - B-BLOCKING AGENTS,PLAIN",C07A0,"B-BLOCKING AGENTS,PLAIN",BISOPROLOL,1,False,False
155,157,BISOPROLOLO MGI,BISOPROLOLO MGI,VIATRIS,VIATRIS,"C07A0 - B-BLOCKING AGENTS,PLAIN",C07A0,"B-BLOCKING AGENTS,PLAIN",BISOPROLOL,1,False,False
156,158,CARVEDILOL GENERIC,CARVEDILOL GENERIC,VIATRIS,VIATRIS,"C07A0 - B-BLOCKING AGENTS,PLAIN",C07A0,"B-BLOCKING AGENTS,PLAIN",CARVEDILOL,1,False,False
157,159,CARVEDILOL/MYLAN,CARVEDILOL/MYLAN,VIATRIS,VIATRIS,"C07A0 - B-BLOCKING AGENTS,PLAIN",C07A0,"B-BLOCKING AGENTS,PLAIN",CARVEDILOL,1,False,False
158,160,CARVEDILOLO MGI,CARVEDILOLO MGI,VIATRIS,VIATRIS,"C07A0 - B-BLOCKING AGENTS,PLAIN",C07A0,"B-BLOCKING AGENTS,PLAIN",CARVEDILOL,1,False,False
159,161,NEBIVOLOLO MGI,NEBIVOLOLO MGI,VIATRIS,VIATRIS,"C07A0 - B-BLOCKING AGENTS,PLAIN",C07A0,"B-BLOCKING AGENTS,PLAIN",NEBIVOLOL,1,False,False
160,162,RYTMOBETA,RYTMOBETA,VIATRIS,VIATRIS,"C07A0 - B-BLOCKING AGENTS,PLAIN",C07A0,"B-BLOCKING AGENTS,PLAIN",SOTALOL,1,False,False
161,163,SOTALOL/GENERICS,SOTALOL/GENERICS,VIATRIS,VIATRIS,"C07A0 - B-BLOCKING AGENTS,PLAIN",C07A0,"B-BLOCKING AGENTS,PLAIN",SOTALOL,1,False,False
162,164,SOTALOL/MYLAN,SOTALOL/MYLAN,VIATRIS,VIATRIS,"C07A0 - B-BLOCKING AGENTS,PLAIN",C07A0,"B-BLOCKING AGENTS,PLAIN",SOTALOL,1,False,False
163,165,CARVIPRESS,CARVIPRESS,VISUFARMA,VISUFARMA,"C07A0 - B-BLOCKING AGENTS,PLAIN",C07A0,"B-BLOCKING AGENTS,PLAIN",CARVEDILOL,1,False,False
164,166,BISOPROLOLO ALM,BISOPROLOLO ALM,WALGREENS BOOTS AL,WALGREENS BOOTS AL,"C07A0 - B-BLOCKING AGENTS,PLAIN",C07A0,"B-BLOCKING AGENTS,PLAIN",BISOPROLOL,1,False,False
165,167,CARVEDILOLO ALM,CARVEDILOLO ALM,WALGREENS BOOTS AL,WALGREENS BOOTS AL,"C07A0 - B-BLOCKING AGENTS,PLAIN",C07A0,"B-BLOCKING AGENTS,PLAIN",CARVEDILOL,1,False,False
166,168,BISOPROLOLO ZEN,BISOPROLOLO ZEN,ZENTIVA,ZENTIVA,"C07A0 - B-BLOCKING AGENTS,PLAIN",C07A0,"B-BLOCKING AGENTS,PLAIN",BISOPROLOL,1,False,False
167,169,CARVEDILOL COMBIX,CARVEDILOL COMBIX,ZYDUS LIFESCIENCES,ZYDUS LIFESCIENCES,"C07A0 - B-BLOCKING AGENTS,PLAIN",C07A0,"B-BLOCKING AGENTS,PLAIN",CARVEDILOL,1,False,False
